[
{
    "model": "base.productkind",
    "pk": 1,
    "fields": {
        "name": "Café",
        "name_en": "Coffe",
        "name_pt": "Café",
        "name_fr": "Café",
        "name_de": "Kaffee",
        "name_es": "Café",
        "for_packaging": false,
        "for_orchard": false,
        "for_eudr": true,
        "image": "",
        "is_enabled": true,
        "sort_order": 0
    }
},
{
    "model": "base.productkind",
    "pk": 2,
    "fields": {
        "name": "Cacao",
        "name_en": "Cocoa",
        "name_pt": "Cacau",
        "name_fr": "Cacao",
        "name_de": "Kakao",
        "name_es": "Cacao",
        "for_packaging": false,
        "for_orchard": false,
        "for_eudr": true,
        "image": "",
        "is_enabled": true,
        "sort_order": 0
    }
},
{
    "model": "base.productkind",
    "pk": 3,
    "fields": {
        "name": "Caucho",
        "name_en": "Rubber",
        "name_pt": "Borracha",
        "name_fr": "Caoutchouc",
        "name_de": "Gummi",
        "name_es": "Caucho",
        "for_packaging": false,
        "for_orchard": false,
        "for_eudr": true,
        "image": "",
        "is_enabled": true,
        "sort_order": 0
    }
},
{
    "model": "base.productkind",
    "pk": 4,
    "fields": {
        "name": "Ganado",
        "name_en": "Livestock",
        "name_pt": "Pecuário",
        "name_fr": "Bétail",
        "name_de": "Vieh",
        "name_es": "Ganado",
        "for_packaging": false,
        "for_orchard": false,
        "for_eudr": true,
        "image": "",
        "is_enabled": true,
        "sort_order": 0
    }
},
{
    "model": "base.productkind",
    "pk": 5,
    "fields": {
        "name": "Madera",
        "name_en": "Wood",
        "name_pt": "Madeira",
        "name_fr": "Bois",
        "name_de": "Holz",
        "name_es": "Madera",
        "for_packaging": false,
        "for_orchard": false,
        "for_eudr": true,
        "image": "",
        "is_enabled": true,
        "sort_order": 0
    }
},
{
    "model": "base.productkind",
    "pk": 6,
    "fields": {
        "name": "Aceite de palma",
        "name_en": "Palm oil",
        "name_pt": "Óleo de palma",
        "name_fr": "Huile de palme",
        "name_de": "Palmöl",
        "name_es": "Aceite de palma",
        "for_packaging": false,
        "for_orchard": false,
        "for_eudr": true,
        "image": "",
        "is_enabled": true,
        "sort_order": 0
    }
},
{
    "model": "base.productkind",
    "pk": 7,
    "fields": {
        "name": "Soja",
        "name_en": "Soy",
        "name_pt": "Soja",
        "name_fr": "Soja",
        "name_de": "Soja",
        "name_es": "Soja",
        "for_packaging": false,
        "for_orchard": false,
        "for_eudr": true,
        "image": "",
        "is_enabled": true,
        "sort_order": 0
    }
},
{
    "model": "base.productkind",
    "pk": 8,
    "fields": {
        "name": "Aguacate",
        "name_en": "Avocado",
        "name_pt": "Abacate",
        "name_fr": "Avocat",
        "name_de": "Avocado",
        "name_es": "Aguacate",
        "for_packaging": true,
        "for_orchard": false,
        "for_eudr": false,
        "image": "",
        "is_enabled": true,
        "sort_order": 0
    }
},
{
    "model": "base.productkind",
    "pk": 9,
    "fields": {
        "name": "Limón",
        "name_en": "Lime",
        "name_pt": "Limão",
        "name_fr": "Citron",
        "name_de": "Zitrone",
        "name_es": "Limón",
        "for_packaging": true,
        "for_orchard": false,
        "for_eudr": false,
        "image": "",
        "is_enabled": true,
        "sort_order": 0
    }
},
{
    "model": "base.productkind",
    "pk": 10,
    "fields": {
        "name": "Mango",
        "name_en": "Mango",
        "name_pt": "Manga",
        "name_fr": "Mangue",
        "name_de": "Mango",
        "name_es": "Mango",
        "for_packaging": true,
        "for_orchard": false,
        "for_eudr": false,
        "image": "",
        "is_enabled": false,
        "sort_order": 0
    }
},
{
    "model": "base.supplykind",
    "pk": 1,
    "fields": {
        "category": "packaging_containment",
        "name": "CAJA",
        "name_en": "BOX",
        "name_pt": null,
        "name_fr": null,
        "name_de": null,
        "name_es": "CAJA",
        "capacity_unit_category": "Kg",
        "usage_discount_unit_category": "pieces",
        "is_enabled": true
    }
},
{
    "model": "base.supplykind",
    "pk": 2,
    "fields": {
        "category": "packaging_separator",
        "name": "CHAROLA",
        "name_en": "TRAY",
        "name_pt": null,
        "name_fr": null,
        "name_de": null,
        "name_es": "CHAROLA",
        "capacity_unit_category": "pieces",
        "usage_discount_unit_category": "pieces",
        "is_enabled": true
    }
},
{
    "model": "base.supplykind",
    "pk": 3,
    "fields": {
        "category": "packaging_pallet",
        "name": "TARIMA",
        "name_en": "PALLET",
        "name_pt": null,
        "name_fr": null,
        "name_de": null,
        "name_es": "TARIMA",
        "capacity_unit_category": null,
        "usage_discount_unit_category": "pieces",
        "is_enabled": true
    }
},
{
  "model": "base.supplykind",
  "pk": 4,
  "fields": {
    "category": "packaging_pallet_complement",
    "name": "ESQUINERO",
    "name_en": "CORNER PROTECTOR",
    "name_pt": null,
    "name_fr": null,
    "name_de": null,
    "name_es": "ESQUINERO",
    "capacity_unit_category": null,
    "usage_discount_unit_category": "pieces",
    "is_enabled": true
  }
},
{
    "model": "base.supplykind",
    "pk": 5,
    "fields": {
        "category": "packaging_complement",
        "name": "TAPA",
        "name_en": "LID",
        "name_pt": null,
        "name_fr": null,
        "name_de": null,
        "name_es": "TAPA",
        "capacity_unit_category": null,
        "usage_discount_unit_category": "pieces",
        "is_enabled": true
    }
},
{
    "model": "base.supplykind",
    "pk": 6,
    "fields": {
        "category": "packaging_presentation",
        "name": "MALLA",
        "name_en": "MESH",
        "name_pt": null,
        "name_fr": null,
        "name_de": null,
        "name_es": "MALLA",
        "capacity_unit_category": "pieces",
        "usage_discount_unit_category": "cm",
        "is_enabled": true
    }
},
{
    "model": "base.supplykind",
    "pk": 7,
    "fields": {
        "category": "packaging_presentation_complement",
        "name": "FILM",
        "name_en": "FILM",
        "name_pt": null,
        "name_fr": null,
        "name_de": null,
        "name_es": "FILM",
        "capacity_unit_category": null,
        "usage_discount_unit_category": "cm",
        "is_enabled": true
    }
},
{
  "model": "base.supplykind",
  "pk": 8,
  "fields": {
    "category": "packaging_pallet_complement",
    "name": "FLEJE",
    "name_en": "STRAPPING",
    "name_pt": null,
    "name_fr": null,
    "name_de": null,
    "name_es": "FLEJE",
    "capacity_unit_category": null,
    "usage_discount_unit_category": "m",
    "is_enabled": true
  }
},
{
    "model": "base.supplykind",
    "pk": 9,
    "fields": {
        "category": "harvest_container",
        "name": "CAJA DE CAMPO",
        "name_en": "HARVEST BOX",
        "name_pt": null,
        "name_fr": null,
        "name_de": null,
        "name_es": "CAJA DE CAMPO",
        "capacity_unit_category": null,
        "usage_discount_unit_category": "pieces",
        "is_enabled": true
    }
},
{
    "model": "base.productkindcountrystandard",
    "pk": 1,
    "fields": {
        "name": "AGUMEX",
        "country": 158,
        "product_kind": 8,
        "is_enabled": true,
        "sort_order": 1
    }
},
{
    "model": "base.productkindcountrystandard",
    "pk": 2,
    "fields": {
        "name": "ESTÁNDARES DEL APEAM SOBRE [AGUACATE] PARA [ALEMANIA - UNIÓN EUROPEA]",
        "country": 57,
        "product_kind": 8,
        "is_enabled": true,
        "sort_order": 2
    }
},
{
    "model": "base.productkindcountrystandard",
    "pk": 3,
    "fields": {
        "name": "ESTÁNDARES DEL APEAM SOBRE [AGUACATE] PARA [CANADÁ]",
        "country": 38,
        "product_kind": 8,
        "is_enabled": true,
        "sort_order": 3
    }
},
{
    "model": "base.productkindcountrystandard",
    "pk": 4,
    "fields": {
        "name": "ESTÁNDARES DEL APEAM SOBRE [AGUACATE] PARA [JAPÓN]",
        "country": 114,
        "product_kind": 8,
        "is_enabled": true,
        "sort_order": 4
    }
},
{
    "model": "base.productkindcountrystandard",
    "pk": 5,
    "fields": {
        "name": "APEAM",
        "country": 234,
        "product_kind": 8,
        "is_enabled": true,
        "sort_order": 5
    }
},
{
    "model": "base.productkindcountrystandard",
    "pk": 6,
    "fields": {
        "name": "ESTÁNDARES DE X SOBRE [LIMÓN - MEXICANO] PARA [MÉXICO]",
        "country": 158,
        "product_kind": 9,
        "is_enabled": true,
        "sort_order": 6
    }
},
{
    "model": "base.productkindcountrystandard",
    "pk": 7,
    "fields": {
        "name": "ESTÁNDARES DE X SOBRE [LIMÓN - PERSA] PARA [ESTADOS UNIDOS]",
        "country": 234,
        "product_kind": 9,
        "is_enabled": true,
        "sort_order": 7
    }
},
{
    "model": "base.productkindcountrystandard",
    "pk": 8,
    "fields": {
        "name": "ESTÁNDARES DE X SOBRE [LIMÓN - PERSA] PARA [JAPÓN - ASIA]",
        "country": 114,
        "product_kind": 9,
        "is_enabled": true,
        "sort_order": 8
    }
},
{
    "model": "base.productkindcountrystandard",
    "pk": 9,
    "fields": {
        "name": "ESTÁNDARES DE X SOBRE [LIMÓN - PERSA] PARA [ALEMANIA - UNIÓN EUROPEA]",
        "country": 57,
        "product_kind": 9,
        "is_enabled": true,
        "sort_order": 9
    }
},
{
  "model": "base.productkindcountrystandardsize",
  "pk": 1,
  "fields": {
    "standard": 1,
    "name": "Comercial",
    "code": "1",
    "description": "120 a 150 grs",
    "category": "size",
    "sort_order": 0,
    "is_enabled": true
  }
},
{
  "model": "base.productkindcountrystandardsize",
  "pk": 2,
  "fields": {
    "standard": 1,
    "name": "Mediano",
    "code": "1",
    "description": "170 a 205 grs",
    "category": "size",
    "sort_order": 2,
    "is_enabled": true
  }
},
{
  "model": "base.productkindcountrystandardsize",
  "pk": 3,
  "fields": {
    "standard": 1,
    "name": "Primera",
    "code": "1",
    "description": "205 a 265 grs",
    "category": "size",
    "sort_order": 3,
    "is_enabled": true
  }
},
{
  "model": "base.productkindcountrystandardsize",
  "pk": 4,
  "fields": {
    "standard": 1,
    "name": "Extra",
    "code": "1",
    "description": "150 a 170 grs",
    "category": "size",
    "sort_order": 1,
    "is_enabled": true
  }
},
{
  "model": "base.productkindcountrystandardsize",
  "pk": 5,
  "fields": {
    "standard": 1,
    "name": "Super",
    "code": "1",
    "description": "+ de 265 grs",
    "category": "size",
    "sort_order": 4,
    "is_enabled": true
  }
},
{
  "model": "base.productkindcountrystandardsize",
  "pk": 6,
  "fields": {
    "standard": 2,
    "name": "26",
    "code": "1",
    "description": "120 a 150 grs",
    "category": "size",
    "sort_order": 0,
    "is_enabled": true
  }
},
{
  "model": "base.productkindcountrystandardsize",
  "pk": 7,
  "fields": {
    "standard": 2,
    "name": "24",
    "code": "1",
    "description": "150 a 170 grs",
    "category": "size",
    "sort_order": 0,
    "is_enabled": true
  }
},
{
  "model": "base.productkindcountrystandardsize",
  "pk": 8,
  "fields": {
    "standard": 2,
    "name": "22",
    "code": "1",
    "description": "170 a 205 grs",
    "category": "size",
    "sort_order": 0,
    "is_enabled": true
  }
},
{
  "model": "base.productkindcountrystandardsize",
  "pk": 9,
  "fields": {
    "standard": 2,
    "name": "18",
    "code": "1",
    "description": "205 a 265 grs",
    "category": "size",
    "sort_order": 0,
    "is_enabled": true
  }
},
{
  "model": "base.productkindcountrystandardsize",
  "pk": 10,
  "fields": {
    "standard": 2,
    "name": "16",
    "code": "1",
    "description": "265 a 300 grs",
    "category": "size",
    "sort_order": 0,
    "is_enabled": true
  }
},
{
  "model": "base.productkindcountrystandardsize",
  "pk": 11,
  "fields": {
    "standard": 2,
    "name": "14",
    "code": "1",
    "description": "300 a 330 grs",
    "category": "size",
    "sort_order": 0,
    "is_enabled": true
  }
},
{
  "model": "base.productkindcountrystandardsize",
  "pk": 12,
  "fields": {
    "standard": 2,
    "name": "12",
    "code": "1",
    "description": "+ de 330 grs",
    "category": "size",
    "sort_order": 0,
    "is_enabled": true
  }
},
{
  "model": "base.productkindcountrystandardsize",
  "pk": 13,
  "fields": {
    "standard": 3,
    "name": "26",
    "code": "1",
    "description": "120 a 150 grs",
    "category": "size",
    "sort_order": 0,
    "is_enabled": true
  }
},
{
  "model": "base.productkindcountrystandardsize",
  "pk": 14,
  "fields": {
    "standard": 3,
    "name": "24",
    "code": "1",
    "description": "150 a 170 grs",
    "category": "size",
    "sort_order": 0,
    "is_enabled": true
  }
},
{
  "model": "base.productkindcountrystandardsize",
  "pk": 15,
  "fields": {
    "standard": 3,
    "name": "22",
    "code": "1",
    "description": "170 a 205 grs",
    "category": "size",
    "sort_order": 0,
    "is_enabled": true
  }
},
{
  "model": "base.productkindcountrystandardsize",
  "pk": 16,
  "fields": {
    "standard": 3,
    "name": "18",
    "code": "1",
    "description": "205 a 265 grs",
    "category": "size",
    "sort_order": 0,
    "is_enabled": true
  }
},
{
  "model": "base.productkindcountrystandardsize",
  "pk": 17,
  "fields": {
    "standard": 3,
    "name": "16",
    "code": "1",
    "description": "265 a 300 grs",
    "category": "size",
    "sort_order": 0,
    "is_enabled": true
  }
},
{
  "model": "base.productkindcountrystandardsize",
  "pk": 18,
  "fields": {
    "standard": 3,
    "name": "14",
    "code": "1",
    "description": "300 a 330 grs",
    "category": "size",
    "sort_order": 0,
    "is_enabled": true
  }
},
{
  "model": "base.productkindcountrystandardsize",
  "pk": 19,
  "fields": {
    "standard": 3,
    "name": "12",
    "code": "1",
    "description": "+ de 330 grs",
    "category": "size",
    "sort_order": 0,
    "is_enabled": true
  }
},
{
  "model": "base.productkindcountrystandardsize",
  "pk": 20,
  "fields": {
    "standard": 4,
    "name": "30",
    "code": "1",
    "description": "170 a 205 grs",
    "category": "size",
    "sort_order": 0,
    "is_enabled": true
  }
},
{
  "model": "base.productkindcountrystandardsize",
  "pk": 21,
  "fields": {
    "standard": 4,
    "name": "24",
    "code": "1",
    "description": "205 a 265 grs",
    "category": "size",
    "sort_order": 0,
    "is_enabled": true
  }
},
{
  "model": "base.productkindcountrystandardsize",
  "pk": 29,
  "fields": {
    "standard": 6,
    "name": "600",
    "code": "1",
    "description": "32 a 35 mm",
    "category": "size",
    "sort_order": 0,
    "is_enabled": true
  }
},
{
  "model": "base.productkindcountrystandardsize",
  "pk": 30,
  "fields": {
    "standard": 6,
    "name": "500",
    "code": "1",
    "description": "35 a 37 mm",
    "category": "size",
    "sort_order": 0,
    "is_enabled": true
  }
},
{
  "model": "base.productkindcountrystandardsize",
  "pk": 31,
  "fields": {
    "standard": 6,
    "name": "400",
    "code": "1",
    "description": "37 a 39 mm",
    "category": "size",
    "sort_order": 0,
    "is_enabled": true
  }
},
{
  "model": "base.productkindcountrystandardsize",
  "pk": 32,
  "fields": {
    "standard": 6,
    "name": "300",
    "code": "1",
    "description": "+ de 39 mm",
    "category": "size",
    "sort_order": 0,
    "is_enabled": true
  }
},
{
  "model": "base.productkindcountrystandardsize",
  "pk": 33,
  "fields": {
    "standard": 7,
    "name": "250",
    "code": "1",
    "description": "50 a 51 mm",
    "category": "size",
    "sort_order": 0,
    "is_enabled": true
  }
},
{
  "model": "base.productkindcountrystandardsize",
  "pk": 34,
  "fields": {
    "standard": 7,
    "name": "230",
    "code": "1",
    "description": "52 a 53 mm",
    "category": "size",
    "sort_order": 0,
    "is_enabled": true
  }
},
{
  "model": "base.productkindcountrystandardsize",
  "pk": 35,
  "fields": {
    "standard": 7,
    "name": "200",
    "code": "1",
    "description": "54 a 55 mm",
    "category": "size",
    "sort_order": 0,
    "is_enabled": true
  }
},
{
  "model": "base.productkindcountrystandardsize",
  "pk": 36,
  "fields": {
    "standard": 7,
    "name": "175",
    "code": "1",
    "description": "56 a 59 mm",
    "category": "size",
    "sort_order": 0,
    "is_enabled": true
  }
},
{
  "model": "base.productkindcountrystandardsize",
  "pk": 37,
  "fields": {
    "standard": 7,
    "name": "150",
    "code": "1",
    "description": "59 a 61 mm",
    "category": "size",
    "sort_order": 0,
    "is_enabled": true
  }
},
{
  "model": "base.productkindcountrystandardsize",
  "pk": 38,
  "fields": {
    "standard": 7,
    "name": "110",
    "code": "1",
    "description": "61 a 63 mm",
    "category": "size",
    "sort_order": 0,
    "is_enabled": true
  }
},
{
  "model": "base.productkindcountrystandardsize",
  "pk": 39,
  "fields": {
    "standard": 8,
    "name": "54",
    "code": "1",
    "description": "52 a 53 mm",
    "category": "size",
    "sort_order": 0,
    "is_enabled": true
  }
},
{
  "model": "base.productkindcountrystandardsize",
  "pk": 40,
  "fields": {
    "standard": 8,
    "name": "48",
    "code": "1",
    "description": "54 a 55 mm",
    "category": "size",
    "sort_order": 0,
    "is_enabled": true
  }
},
{
  "model": "base.productkindcountrystandardsize",
  "pk": 41,
  "fields": {
    "standard": 8,
    "name": "44",
    "code": "1",
    "description": "56 a 59 mm",
    "category": "size",
    "sort_order": 0,
    "is_enabled": true
  }
},
{
  "model": "base.productkindcountrystandardsize",
  "pk": 42,
  "fields": {
    "standard": 8,
    "name": "40",
    "code": "1",
    "description": "59 a 61 mm",
    "category": "size",
    "sort_order": 0,
    "is_enabled": true
  }
},
{
  "model": "base.productkindcountrystandardsize",
  "pk": 43,
  "fields": {
    "standard": 8,
    "name": "36",
    "code": "1",
    "description": "61 a 63 mm",
    "category": "size",
    "sort_order": 0,
    "is_enabled": true
  }
},
{
  "model": "base.productkindcountrystandardsize",
  "pk": 44,
  "fields": {
    "standard": 9,
    "name": "63",
    "code": "1",
    "description": "50 a 51 mm",
    "category": "size",
    "sort_order": 0,
    "is_enabled": true
  }
},
{
  "model": "base.productkindcountrystandardsize",
  "pk": 45,
  "fields": {
    "standard": 9,
    "name": "54",
    "code": "1",
    "description": "52 a 55 mm",
    "category": "size",
    "sort_order": 0,
    "is_enabled": true
  }
},
{
  "model": "base.productkindcountrystandardsize",
  "pk": 46,
  "fields": {
    "standard": 9,
    "name": "48",
    "code": "1",
    "description": "56 a 59 mm",
    "category": "size",
    "sort_order": 0,
    "is_enabled": true
  }
},
{
  "model": "base.productkindcountrystandardsize",
  "pk": 47,
  "fields": {
    "standard": 9,
    "name": "42",
    "code": "1",
    "description": "59 a 61 mm",
    "category": "size",
    "sort_order": 0,
    "is_enabled": true
  }
},
{
  "model": "base.productkindcountrystandardsize",
  "pk": 48,
  "fields": {
    "standard": 1,
    "name": "Mixto",
    "code": "1",
    "description": "Mixto",
    "category": "mix",
    "sort_order": 5,
    "is_enabled": true
  }
},
{
  "model": "base.productkindcountrystandardsize",
  "pk": 49,
  "fields": {
    "standard": 1,
    "name": "Materia orgánica",
    "code": "1",
    "description": "Materia orgánica",
    "category": "biomass",
    "sort_order": 7,
    "is_enabled": true
  }
},
{
  "model": "base.productkindcountrystandardsize",
  "pk": 50,
  "fields": {
    "standard": 1,
    "name": "Desecho",
    "code": "1",
    "description": "Desecho",
    "category": "waste",
    "sort_order": 6,
    "is_enabled": true
  }
},
{
  "model": "base.productkindcountrystandardsize",
  "pk": 51,
  "fields": {
    "standard": 5,
    "name": "32",
    "code": "2",
    "description": "32",
    "category": "size",
    "sort_order": 0,
    "is_enabled": true
  }
},
{
  "model": "base.productkindcountrystandardsize",
  "pk": 52,
  "fields": {
    "standard": 5,
    "name": "36",
    "code": "3",
    "description": "36",
    "category": "size",
    "sort_order": 0,
    "is_enabled": true
  }
},
{
  "model": "base.productkindcountrystandardsize",
  "pk": 53,
  "fields": {
    "standard": 5,
    "name": "40",
    "code": "4",
    "description": "40",
    "category": "size",
    "sort_order": 0,
    "is_enabled": true
  }
},
{
  "model": "base.productkindcountrystandardsize",
  "pk": 54,
  "fields": {
    "standard": 5,
    "name": "48",
    "code": "5",
    "description": "48",
    "category": "size",
    "sort_order": 0,
    "is_enabled": true
  }
},
{
  "model": "base.productkindcountrystandardsize",
  "pk": 55,
  "fields": {
    "standard": 5,
    "name": "60",
    "code": "6",
    "description": "60",
    "category": "size",
    "sort_order": 0,
    "is_enabled": true
  }
},
{
  "model": "base.productkindcountrystandardsize",
  "pk": 56,
  "fields": {
    "standard": 5,
    "name": "70",
    "code": "7",
    "description": "70",
    "category": "size",
    "sort_order": 0,
    "is_enabled": true
  }
},
{
  "model": "base.productkindcountrystandardsize",
  "pk": 57,
  "fields": {
    "standard": 5,
    "name": "84",
    "code": "8",
    "description": "84",
    "category": "size",
    "sort_order": 0,
    "is_enabled": true
  }
},
{
  "model": "base.productkindcountrystandardsize",
  "pk": 58,
  "fields": {
    "standard": 5,
    "name": "90",
    "code": "9",
    "description": "90",
    "category": "size",
    "sort_order": 0,
    "is_enabled": true
  }
},
{
  "model": "base.productkindcountrystandardsize",
  "pk": 59,
  "fields": {
    "standard": 5,
    "name": "105",
    "code": "10",
    "description": "105",
    "category": "size",
    "sort_order": 0,
    "is_enabled": true
  }
},
{
  "model": "base.productkindcountrystandardsize",
  "pk": 60,
  "fields": {
    "standard": 5,
    "name": "16",
    "code": "11",
    "description": "16",
    "category": "size",
    "sort_order": 0,
    "is_enabled": true
  }
},
{
  "model": "base.productkindcountrystandardsize",
  "pk": 61,
  "fields": {
    "standard": 5,
    "name": "18",
    "code": "12",
    "description": "18",
    "category": "size",
    "sort_order": 0,
    "is_enabled": true
  }
},
{
  "model": "base.productkindcountrystandardsize",
  "pk": 62,
  "fields": {
    "standard": 5,
    "name": "20",
    "code": "13",
    "description": "20",
    "category": "size",
    "sort_order": 0,
    "is_enabled": true
  }
},
{
  "model": "base.productkindcountrystandardsize",
  "pk": 63,
  "fields": {
    "standard": 5,
    "name": "24",
    "code": "14",
    "description": "24",
    "category": "size",
    "sort_order": 0,
    "is_enabled": true
  }
},
{
  "model": "base.productkindcountrystandardsize",
  "pk": 64,
  "fields": {
    "standard": 5,
    "name": "28",
    "code": "15",
    "description": "28",
    "category": "size",
    "sort_order": 0,
    "is_enabled": true
  }
},
{
  "model": "base.productkindcountrystandardsize",
  "pk": 65,
  "fields": {
    "standard": 5,
    "name": "96",
    "code": "16",
    "description": "96",
    "category": "size",
    "sort_order": 0,
    "is_enabled": true
  }
},
{
  "model": "base.productkindcountrystandardsize",
  "pk": 66,
  "fields": {
    "standard": 5,
    "name": "30",
    "code": "17",
    "description": "30",
    "category": "size",
    "sort_order": 0,
    "is_enabled": true
  }
},
{
  "model": "base.productkindcountrystandardsize",
  "pk": 67,
  "fields": {
    "standard": 5,
    "name": "9",
    "code": "20",
    "description": "9",
    "category": "size",
    "sort_order": 0,
    "is_enabled": true
  }
},
{
  "model": "base.productkindcountrystandardsize",
  "pk": 68,
  "fields": {
    "standard": 5,
    "name": "10",
    "code": "21",
    "description": "10",
    "category": "size",
    "sort_order": 0,
    "is_enabled": true
  }
},
{
  "model": "base.productkindcountrystandardsize",
  "pk": 69,
  "fields": {
    "standard": 5,
    "name": "14",
    "code": "22",
    "description": "14",
    "category": "size",
    "sort_order": 0,
    "is_enabled": true
  }
},
{
  "model": "base.productkindcountrystandardsize",
  "pk": 70,
  "fields": {
    "standard": 5,
    "name": "22",
    "code": "23",
    "description": "22",
    "category": "size",
    "sort_order": 0,
    "is_enabled": true
  }
},
{
  "model": "base.productkindcountrystandardsize",
  "pk": 71,
  "fields": {
    "standard": 5,
    "name": "27",
    "code": "24",
    "description": "27",
    "category": "size",
    "sort_order": 0,
    "is_enabled": true
  }
},
{
  "model": "base.productkindcountrystandardsize",
  "pk": 72,
  "fields": {
    "standard": 5,
    "name": "126",
    "code": "25",
    "description": "126",
    "category": "size",
    "sort_order": 0,
    "is_enabled": true
  }
},
{
  "model": "base.productkindcountrystandardsize",
  "pk": 73,
  "fields": {
    "standard": 5,
    "name": "120",
    "code": "26",
    "description": "120",
    "category": "size",
    "sort_order": 0,
    "is_enabled": true
  }
},
{
  "model": "base.productkindcountrystandardsize",
  "pk": 74,
  "fields": {
    "standard": 5,
    "name": "106",
    "code": "27",
    "description": "106",
    "category": "size",
    "sort_order": 0,
    "is_enabled": true
  }
},
{
  "model": "base.productkindcountrystandardsize",
  "pk": 75,
  "fields": {
    "standard": 5,
    "name": "34",
    "code": "28",
    "description": "34",
    "category": "size",
    "sort_order": 0,
    "is_enabled": true
  }
},
{
  "model": "base.productkindcountrystandardsize",
  "pk": 76,
  "fields": {
    "standard": 5,
    "name": "35",
    "code": "29",
    "description": "35",
    "category": "size",
    "sort_order": 0,
    "is_enabled": true
  }
},
{
  "model": "base.productkindcountrystandardsize",
  "pk": 77,
  "fields": {
    "standard": 5,
    "name": "72",
    "code": "30",
    "description": "72",
    "category": "size",
    "sort_order": 0,
    "is_enabled": true
  }
},
{
  "model": "base.productkindcountrystandardsize",
  "pk": 78,
  "fields": {
    "standard": 5,
    "name": "100",
    "code": "31",
    "description": "100",
    "category": "size",
    "sort_order": 0,
    "is_enabled": true
  }
},
{
  "model": "base.productkindcountrystandardsize",
  "pk": 79,
  "fields": {
    "standard": 5,
    "name": "86",
    "code": "32",
    "description": "86",
    "category": "size",
    "sort_order": 0,
    "is_enabled": true
  }
},
{
  "model": "base.productkindcountrystandardsize",
  "pk": 80,
  "fields": {
    "standard": 5,
    "name": "80",
    "code": "33",
    "description": "80",
    "category": "size",
    "sort_order": 0,
    "is_enabled": true
  }
},
{
  "model": "base.productkindcountrystandardsize",
  "pk": 81,
  "fields": {
    "standard": 5,
    "name": "110",
    "code": "34",
    "description": "110",
    "category": "size",
    "sort_order": 0,
    "is_enabled": true
  }
},
{
  "model": "base.productkindcountrystandardsize",
  "pk": 82,
  "fields": {
    "standard": 5,
    "name": "45",
    "code": "35",
    "description": "45",
    "category": "size",
    "sort_order": 0,
    "is_enabled": true
  }
},
{
  "model": "base.productkindcountrystandardsize",
  "pk": 83,
  "fields": {
    "standard": 5,
    "name": "54",
    "code": "36",
    "description": "54",
    "category": "size",
    "sort_order": 0,
    "is_enabled": true
  }
},
{
  "model": "base.productkindcountrystandardsize",
  "pk": 84,
  "fields": {
    "standard": 5,
    "name": "26",
    "code": "37",
    "description": "26",
    "category": "size",
    "sort_order": 0,
    "is_enabled": true
  }
},
{
  "model": "base.productkindcountrystandardsize",
  "pk": 85,
  "fields": {
    "standard": 5,
    "name": "8",
    "code": "38",
    "description": "8",
    "category": "size",
    "sort_order": 0,
    "is_enabled": true
  }
},
{
  "model": "base.productkindcountrystandardsize",
  "pk": 86,
  "fields": {
    "standard": 5,
    "name": "57",
    "code": "39",
    "description": "57",
    "category": "size",
    "sort_order": 0,
    "is_enabled": true
  }
},
{
  "model": "base.productkindcountrystandardsize",
  "pk": 87,
  "fields": {
    "standard": 5,
    "name": "50",
    "code": "40",
    "description": "50",
    "category": "size",
    "sort_order": 0,
    "is_enabled": true
  }
},
{
  "model": "base.productkindcountrystandardsize",
  "pk": 88,
  "fields": {
    "standard": 5,
    "name": "55",
    "code": "41",
    "description": "55",
    "category": "size",
    "sort_order": 0,
    "is_enabled": true
  }
},
{
  "model": "base.productkindcountrystandardsize",
  "pk": 89,
  "fields": {
    "standard": 5,
    "name": "65",
    "code": "42",
    "description": "65",
    "category": "size",
    "sort_order": 0,
    "is_enabled": true
  }
},
{
  "model": "base.productkindcountrystandardsize",
  "pk": 90,
  "fields": {
    "standard": 5,
    "name": "12",
    "code": "43",
    "description": "12",
    "category": "size",
    "sort_order": 0,
    "is_enabled": true
  }
},
{
  "model": "base.productkindcountrystandardsize",
  "pk": 91,
  "fields": {
    "standard": 5,
    "name": "160",
    "code": "44",
    "description": "160",
    "category": "size",
    "sort_order": 0,
    "is_enabled": true
  }
},
{
  "model": "base.productkindcountrystandardsize",
  "pk": 92,
  "fields": {
    "standard": 5,
    "name": "88",
    "code": "45",
    "description": "88",
    "category": "size",
    "sort_order": 0,
    "is_enabled": true
  }
},
{
  "model": "base.productkindcountrystandardsize",
  "pk": 93,
  "fields": {
    "standard": 5,
    "name": "85",
    "code": "46",
    "description": "85",
    "category": "size",
    "sort_order": 0,
    "is_enabled": true
  }
},
{
  "model": "base.productkindcountrystandardsize",
  "pk": 94,
  "fields": {
    "standard": 5,
    "name": "58",
    "code": "47",
    "description": "58",
    "category": "size",
    "sort_order": 0,
    "is_enabled": true
  }
},
{
  "model": "base.productkindcountrystandardsize",
  "pk": 95,
  "fields": {
    "standard": 5,
    "name": "75",
    "code": "48",
    "description": "75",
    "category": "size",
    "sort_order": 0,
    "is_enabled": true
  }
},
{
  "model": "base.productkindcountrystandardsize",
  "pk": 96,
  "fields": {
    "standard": 5,
    "name": "95",
    "code": "49",
    "description": "95",
    "category": "size",
    "sort_order": 0,
    "is_enabled": true
  }
},
{
  "model": "base.productkindcountrystandardsize",
  "pk": 97,
  "fields": {
    "standard": 5,
    "name": "76",
    "code": "50",
    "description": "76",
    "category": "size",
    "sort_order": 0,
    "is_enabled": true
  }
},
{
  "model": "base.productkindcountrystandardsize",
  "pk": 98,
  "fields": {
    "standard": 5,
    "name": "42",
    "code": "51",
    "description": "42",
    "category": "size",
    "sort_order": 0,
    "is_enabled": true
  }
},
{
  "model": "base.productkindcountrystandardsize",
  "pk": 99,
  "fields": {
    "standard": 5,
    "name": "21",
    "code": "52",
    "description": "21",
    "category": "size",
    "sort_order": 0,
    "is_enabled": true
  }
},
{
  "model": "base.productkindcountrystandardpackaging",
  "pk": 1,
  "fields": {
    "supply_kind": 1,
    "name": "CARTÓN 11.3 (AGMX)",
    "code": "1",
    "max_product_amount": 11.3,
    "description": null,
    "standard": 1,
    "is_enabled": true
  }
},
{
    "model": "base.productkindcountrystandardpackaging",
    "pk": 3,
    "fields": {
        "supply_kind": 1,
        "name": "CARTÓN 11.3 (AGJP)",
        "code": "1",
        "max_product_amount": 11.3,
        "description": null,
        "standard": 4,
        "is_enabled": true
    }
},
{
  "model": "base.productkindcountrystandardpackaging",
  "pk": 4,
  "fields": {
    "supply_kind": 1,
    "name": "CARTÓN 10 (AGMX)",
    "code": "2",
    "max_product_amount": 10.0,
    "description": null,
    "standard": 1,
    "is_enabled": true
  }
},
{
  "model": "base.productkindcountrystandardpackaging",
  "pk": 5,
  "fields": {
    "supply_kind": 1,
    "name": "CARTON DE 11.3",
    "code": "1",
    "max_product_amount": 11.3,
    "description": null,
    "standard": 5,
    "is_enabled": true
  }
},
{
  "model": "base.productkindcountrystandardpackaging",
  "pk": 6,
  "fields": {
    "supply_kind": 1,
    "name": "CARTON DE 13",
    "code": "3",
    "max_product_amount": 13.0,
    "description": null,
    "standard": 5,
    "is_enabled": true
  }
},
{
  "model": "base.productkindcountrystandardpackaging",
  "pk": 7,
  "fields": {
    "supply_kind": 1,
    "name": "CARTON DE 10",
    "code": "4",
    "max_product_amount": 10.0,
    "description": null,
    "standard": 5,
    "is_enabled": true
  }
},
{
  "model": "base.productkindcountrystandardpackaging",
  "pk": 8,
  "fields": {
    "supply_kind": 1,
    "name": "CARTON DE 10.7",
    "code": "5",
    "max_product_amount": 10.7,
    "description": null,
    "standard": 5,
    "is_enabled": true
  }
},
{
  "model": "base.productkindcountrystandardpackaging",
  "pk": 9,
  "fields": {
    "supply_kind": 1,
    "name": "CARTON DE 16.9",
    "code": "6",
    "max_product_amount": 16.9,
    "description": null,
    "standard": 5,
    "is_enabled": true
  }
},
{
  "model": "base.productkindcountrystandardpackaging",
  "pk": 10,
  "fields": {
    "supply_kind": 1,
    "name": "CARTON DE 14.4",
    "code": "7",
    "max_product_amount": 14.4,
    "description": null,
    "standard": 5,
    "is_enabled": true
  }
},
{
  "model": "base.productkindcountrystandardpackaging",
  "pk": 11,
  "fields": {
    "supply_kind": 1,
    "name": "PLASTICO DE 16.9",
    "code": "8",
    "max_product_amount": 16.9,
    "description": null,
    "standard": 5,
    "is_enabled": true
  }
},
{
  "model": "base.productkindcountrystandardpackaging",
  "pk": 12,
  "fields": {
    "supply_kind": 1,
    "name": "CARTON DE 11.25",
    "code": "9",
    "max_product_amount": 11.25,
    "description": null,
    "standard": 5,
    "is_enabled": true
  }
},
{
  "model": "base.productkindcountrystandardpackaging",
  "pk": 13,
  "fields": {
    "supply_kind": 1,
    "name": "CARTON DE 17",
    "code": "10",
    "max_product_amount": 17.0,
    "description": null,
    "standard": 5,
    "is_enabled": true
  }
},
{
  "model": "base.productkindcountrystandardpackaging",
  "pk": 14,
  "fields": {
    "supply_kind": 1,
    "name": "PLASTICO DE 17",
    "code": "11",
    "max_product_amount": 17.0,
    "description": null,
    "standard": 5,
    "is_enabled": true
  }
},
{
  "model": "base.productkindcountrystandardpackaging",
  "pk": 15,
  "fields": {
    "supply_kind": 1,
    "name": "CARTON DE 14",
    "code": "12",
    "max_product_amount": 14.0,
    "description": null,
    "standard": 5,
    "is_enabled": true
  }
},
{
  "model": "base.productkindcountrystandardpackaging",
  "pk": 16,
  "fields": {
    "supply_kind": 1,
    "name": "CARTON DE 5.625",
    "code": "13",
    "max_product_amount": 5.625,
    "description": null,
    "standard": 5,
    "is_enabled": true
  }
},
{
  "model": "base.productkindcountrystandardpackaging",
  "pk": 17,
  "fields": {
    "supply_kind": 1,
    "name": "CARTON DE 20",
    "code": "14",
    "max_product_amount": 20.0,
    "description": null,
    "standard": 5,
    "is_enabled": true
  }
},
{
  "model": "base.productkindcountrystandardpackaging",
  "pk": 18,
  "fields": {
    "supply_kind": 1,
    "name": "CARTON DE 17.20",
    "code": "15",
    "max_product_amount": 17.2,
    "description": null,
    "standard": 5,
    "is_enabled": true
  }
},
{
  "model": "base.productkindcountrystandardpackaging",
  "pk": 19,
  "fields": {
    "supply_kind": 1,
    "name": "CARTON DE 18",
    "code": "16",
    "max_product_amount": 18.0,
    "description": null,
    "standard": 5,
    "is_enabled": true
  }
},
{
  "model": "base.productkindcountrystandardpackaging",
  "pk": 20,
  "fields": {
    "supply_kind": 1,
    "name": "CARTON DE 19",
    "code": "17",
    "max_product_amount": 19.0,
    "description": null,
    "standard": 5,
    "is_enabled": true
  }
},
{
  "model": "base.productkindcountrystandardpackaging",
  "pk": 21,
  "fields": {
    "supply_kind": 1,
    "name": "CARTON DE 5.6",
    "code": "18",
    "max_product_amount": 5.6,
    "description": null,
    "standard": 5,
    "is_enabled": true
  }
},
{
  "model": "base.productkindcountrystandardpackaging",
  "pk": 22,
  "fields": {
    "supply_kind": 1,
    "name": "PLASTICO DE 17.2",
    "code": "19",
    "max_product_amount": 17.2,
    "description": null,
    "standard": 5,
    "is_enabled": true
  }
},
{
  "model": "base.productkindcountrystandardpackaging",
  "pk": 23,
  "fields": {
    "supply_kind": 1,
    "name": "CARTON DE 16.5",
    "code": "20",
    "max_product_amount": 16.5,
    "description": null,
    "standard": 5,
    "is_enabled": true
  }
},
{
  "model": "base.productkindcountrystandardpackaging",
  "pk": 24,
  "fields": {
    "supply_kind": 1,
    "name": "CARTON DE 11",
    "code": "23",
    "max_product_amount": 11.0,
    "description": null,
    "standard": 5,
    "is_enabled": true
  }
},
{
  "model": "base.productkindcountrystandardpackaging",
  "pk": 25,
  "fields": {
    "supply_kind": 1,
    "name": "CARTON DE 5.5",
    "code": "25",
    "max_product_amount": 5.5,
    "description": null,
    "standard": 5,
    "is_enabled": true
  }
},
{
  "model": "base.productkindcountrystandardpackaging",
  "pk": 26,
  "fields": {
    "supply_kind": 1,
    "name": "CARTON DE 12",
    "code": "26",
    "max_product_amount": 12.0,
    "description": null,
    "standard": 5,
    "is_enabled": true
  }
},
{
  "model": "base.productkindcountrystandardpackaging",
  "pk": 27,
  "fields": {
    "supply_kind": 1,
    "name": "CARTON DE 14.2",
    "code": "27",
    "max_product_amount": 14.2,
    "description": null,
    "standard": 5,
    "is_enabled": true
  }
},
{
  "model": "base.productkindcountrystandardpackaging",
  "pk": 28,
  "fields": {
    "supply_kind": 1,
    "name": "CARTON DE 10.8",
    "code": "28",
    "max_product_amount": 10.8,
    "description": null,
    "standard": 5,
    "is_enabled": true
  }
},
{
  "model": "base.productkindcountrystandardpackaging",
  "pk": 29,
  "fields": {
    "supply_kind": 1,
    "name": "CARTON DE 15.2",
    "code": "29",
    "max_product_amount": 15.2,
    "description": null,
    "standard": 5,
    "is_enabled": true
  }
},
{
  "model": "base.productkindcountrystandardpackaging",
  "pk": 30,
  "fields": {
    "supply_kind": 1,
    "name": "CARTON DE 17.5",
    "code": "30",
    "max_product_amount": 17.5,
    "description": null,
    "standard": 5,
    "is_enabled": true
  }
},
{
  "model": "base.productkindcountrystandardpackaging",
  "pk": 31,
  "fields": {
    "supply_kind": 1,
    "name": "CARTON DE 11.20",
    "code": "31",
    "max_product_amount": 11.2,
    "description": null,
    "standard": 5,
    "is_enabled": true
  }
},
{
  "model": "base.productkindcountrystandardpackaging",
  "pk": 32,
  "fields": {
    "supply_kind": 1,
    "name": "CARTON DE 19.1",
    "code": "32",
    "max_product_amount": 19.1,
    "description": null,
    "standard": 5,
    "is_enabled": true
  }
},
{
  "model": "base.productkindcountrystandardpackaging",
  "pk": 33,
  "fields": {
    "supply_kind": 1,
    "name": "CARTON DE 18.5",
    "code": "33",
    "max_product_amount": 18.5,
    "description": null,
    "standard": 5,
    "is_enabled": true
  }
},
{
  "model": "base.productkindcountrystandardpackaging",
  "pk": 34,
  "fields": {
    "supply_kind": 1,
    "name": "CARTON DE 6",
    "code": "34",
    "max_product_amount": 6.0,
    "description": null,
    "standard": 5,
    "is_enabled": true
  }
},
{
  "model": "base.productkindcountrystandardpackaging",
  "pk": 35,
  "fields": {
    "supply_kind": 1,
    "name": "CARTON DE 15",
    "code": "35",
    "max_product_amount": 15.0,
    "description": null,
    "standard": 5,
    "is_enabled": true
  }
},
{
  "model": "base.productkindcountrystandardpackaging",
  "pk": 36,
  "fields": {
    "supply_kind": 1,
    "name": "CARTON DE 16.0",
    "code": "36",
    "max_product_amount": 16.0,
    "description": null,
    "standard": 5,
    "is_enabled": true
  }
},
{
  "model": "base.productkindcountrystandardpackaging",
  "pk": 37,
  "fields": {
    "supply_kind": 1,
    "name": "CARTON DE 15.4",
    "code": "37",
    "max_product_amount": 15.4,
    "description": null,
    "standard": 5,
    "is_enabled": true
  }
},
{
  "model": "base.productkindcountrystandardpackaging",
  "pk": 38,
  "fields": {
    "supply_kind": 1,
    "name": "PLASTICO DE 16",
    "code": "38",
    "max_product_amount": 16.0,
    "description": null,
    "standard": 5,
    "is_enabled": true
  }
},
{
  "model": "base.productkindcountrystandardpackaging",
  "pk": 39,
  "fields": {
    "supply_kind": 1,
    "name": "CARTON DE 11.34",
    "code": "39",
    "max_product_amount": 11.34,
    "description": null,
    "standard": 5,
    "is_enabled": true
  }
},
{
  "model": "base.productkindcountrystandardpackaging",
  "pk": 40,
  "fields": {
    "supply_kind": 1,
    "name": "CARTON DE 4.1",
    "code": "40",
    "max_product_amount": 4.1,
    "description": null,
    "standard": 5,
    "is_enabled": true
  }
},
{
  "model": "base.productkindcountrystandardpackaging",
  "pk": 41,
  "fields": {
    "supply_kind": 1,
    "name": "CARTON DE 17.4",
    "code": "41",
    "max_product_amount": 17.4,
    "description": null,
    "standard": 5,
    "is_enabled": true
  }
},
{
  "model": "base.productkindcountrystandardpackaging",
  "pk": 42,
  "fields": {
    "supply_kind": 1,
    "name": "CARTON DE 13.4",
    "code": "42",
    "max_product_amount": 13.4,
    "description": null,
    "standard": 5,
    "is_enabled": true
  }
},
{
  "model": "base.productkindcountrystandardpackaging",
  "pk": 43,
  "fields": {
    "supply_kind": 1,
    "name": "CARTON DE 12.3",
    "code": "43",
    "max_product_amount": 12.3,
    "description": null,
    "standard": 5,
    "is_enabled": true
  }
},
{
  "model": "base.productkindcountrystandardpackaging",
  "pk": 44,
  "fields": {
    "supply_kind": 1,
    "name": "CARTON DE 9.2",
    "code": "44",
    "max_product_amount": 9.2,
    "description": null,
    "standard": 5,
    "is_enabled": true
  }
},
{
  "model": "base.productkindcountrystandardpackaging",
  "pk": 45,
  "fields": {
    "supply_kind": 1,
    "name": "CARTON DE 5.65",
    "code": "45",
    "max_product_amount": 5.65,
    "description": null,
    "standard": 5,
    "is_enabled": true
  }
},
{
  "model": "base.productkindcountrystandardpackaging",
  "pk": 46,
  "fields": {
    "supply_kind": 1,
    "name": "CARTON DE 10.5",
    "code": "46",
    "max_product_amount": 10.5,
    "description": null,
    "standard": 5,
    "is_enabled": true
  }
},
{
  "model": "base.productkindcountrystandardpackaging",
  "pk": 47,
  "fields": {
    "supply_kind": 1,
    "name": "CARTON DE 10.2",
    "code": "47",
    "max_product_amount": 10.2,
    "description": null,
    "standard": 5,
    "is_enabled": true
  }
},
{
  "model": "base.productkindcountrystandardpackaging",
  "pk": 48,
  "fields": {
    "supply_kind": 1,
    "name": "CARTON DE 9",
    "code": "48",
    "max_product_amount": 9.0,
    "description": null,
    "standard": 5,
    "is_enabled": true
  }
},
{
  "model": "base.productkindcountrystandardpackaging",
  "pk": 49,
  "fields": {
    "supply_kind": 1,
    "name": "PLASTICO DE 12.3",
    "code": "49",
    "max_product_amount": 12.3,
    "description": null,
    "standard": 5,
    "is_enabled": true
  }
},
{
  "model": "base.productkindcountrystandardpackaging",
  "pk": 50,
  "fields": {
    "supply_kind": 1,
    "name": "CARTON DE 5.7",
    "code": "50",
    "max_product_amount": 5.7,
    "description": null,
    "standard": 5,
    "is_enabled": true
  }
},
{
  "model": "base.productkindcountrystandardpackaging",
  "pk": 51,
  "fields": {
    "supply_kind": 1,
    "name": "CARTON DE 3.750",
    "code": "51",
    "max_product_amount": 3.75,
    "description": null,
    "standard": 5,
    "is_enabled": true
  }
},
{
  "model": "base.productkindcountrystandardpackaging",
  "pk": 52,
  "fields": {
    "supply_kind": 1,
    "name": "CARTON DE 11.15",
    "code": "52",
    "max_product_amount": 11.15,
    "description": null,
    "standard": 5,
    "is_enabled": true
  }
},
{
  "model": "base.productkindcountrystandardpackaging",
  "pk": 53,
  "fields": {
    "supply_kind": 1,
    "name": "CARTON DE 11.14",
    "code": "54",
    "max_product_amount": 11.14,
    "description": null,
    "standard": 5,
    "is_enabled": true
  }
},
{
  "model": "base.productkindcountrystandardpackaging",
  "pk": 54,
  "fields": {
    "supply_kind": 1,
    "name": "CARTON DE 391",
    "code": "55",
    "max_product_amount": 391.0,
    "description": null,
    "standard": 5,
    "is_enabled": true
  }
},
{
  "model": "base.productkindcountrystandardpackaging",
  "pk": 55,
  "fields": {
    "supply_kind": 1,
    "name": "CARTON DE 16.8",
    "code": "56",
    "max_product_amount": 16.8,
    "description": null,
    "standard": 5,
    "is_enabled": true
  }
},
{
  "model": "base.productkindcountrystandardpackaging",
  "pk": 56,
  "fields": {
    "supply_kind": 1,
    "name": "CARTON DE 4",
    "code": "57",
    "max_product_amount": 4.0,
    "description": null,
    "standard": 5,
    "is_enabled": true
  }
},
{
  "model": "base.productkindcountrystandardpackaging",
  "pk": 57,
  "fields": {
    "supply_kind": 1,
    "name": "CARTON DE 14.5",
    "code": "58",
    "max_product_amount": 14.5,
    "description": null,
    "standard": 5,
    "is_enabled": true
  }
},
{
  "model": "base.productkindcountrystandardpackaging",
  "pk": 58,
  "fields": {
    "supply_kind": 1,
    "name": "CARTON DE 13.5",
    "code": "59",
    "max_product_amount": 13.5,
    "description": null,
    "standard": 5,
    "is_enabled": true
  }
},
{
  "model": "base.productkindcountrystandardpackaging",
  "pk": 59,
  "fields": {
    "supply_kind": 1,
    "name": "PLASTICO DE 18.10",
    "code": "63",
    "max_product_amount": 18.1,
    "description": null,
    "standard": 5,
    "is_enabled": true
  }
},
{
  "model": "base.productkindcountrystandardpackaging",
  "pk": 60,
  "fields": {
    "supply_kind": 1,
    "name": "CARTON DE 9.8",
    "code": "64",
    "max_product_amount": 9.8,
    "description": null,
    "standard": 5,
    "is_enabled": true
  }
},
{
  "model": "base.productkindcountrystandardpackaging",
  "pk": 61,
  "fields": {
    "supply_kind": 1,
    "name": "CARTON DE 11.10",
    "code": "65",
    "max_product_amount": 11.1,
    "description": null,
    "standard": 5,
    "is_enabled": true
  }
},
{
  "model": "base.productkindcountrystandardpackaging",
  "pk": 62,
  "fields": {
    "supply_kind": 1,
    "name": "CARTON DE 16.2",
    "code": "66",
    "max_product_amount": 16.2,
    "description": null,
    "standard": 5,
    "is_enabled": true
  }
},
{
  "model": "base.productkindcountrystandardpackaging",
  "pk": 63,
  "fields": {
    "supply_kind": 1,
    "name": "CARTON DE 22.6",
    "code": "67",
    "max_product_amount": 22.6,
    "description": null,
    "standard": 5,
    "is_enabled": true
  }
},
{
  "model": "base.productkindcountrystandardpackaging",
  "pk": 64,
  "fields": {
    "supply_kind": 1,
    "name": "CARTON DE 370",
    "code": "68",
    "max_product_amount": 370.0,
    "description": null,
    "standard": 5,
    "is_enabled": true
  }
},
{
  "model": "base.productkindcountrystandardpackaging",
  "pk": 65,
  "fields": {
    "supply_kind": 1,
    "name": "PLASTICO DE 18.14",
    "code": "69",
    "max_product_amount": 18.14,
    "description": null,
    "standard": 5,
    "is_enabled": true
  }
},
{
  "model": "base.productkindcountrystandardpackaging",
  "pk": 66,
  "fields": {
    "supply_kind": 1,
    "name": "CARTON DE 3",
    "code": "70",
    "max_product_amount": 3.0,
    "description": null,
    "standard": 5,
    "is_enabled": true
  }
},
{
  "model": "base.productkindcountrystandardpackaging",
  "pk": 67,
  "fields": {
    "supply_kind": 1,
    "name": "CARTON DE 390",
    "code": "71",
    "max_product_amount": 390.0,
    "description": null,
    "standard": 5,
    "is_enabled": true
  }
},
{
  "model": "base.productkindcountrystandardpackaging",
  "pk": 68,
  "fields": {
    "supply_kind": 1,
    "name": "CARTON DE 16.4",
    "code": "73",
    "max_product_amount": 16.4,
    "description": null,
    "standard": 5,
    "is_enabled": true
  }
},
{
  "model": "base.productkindcountrystandardpackaging",
  "pk": 69,
  "fields": {
    "supply_kind": 1,
    "name": "CARTON DE 11.5",
    "code": "74",
    "max_product_amount": 11.5,
    "description": null,
    "standard": 5,
    "is_enabled": true
  }
},
{
  "model": "base.productkindcountrystandardpackaging",
  "pk": 70,
  "fields": {
    "supply_kind": 1,
    "name": "CARTON DE 5.3",
    "code": "75",
    "max_product_amount": 5.3,
    "description": null,
    "standard": 5,
    "is_enabled": true
  }
},
{
  "model": "base.productkindcountrystandardpackaging",
  "pk": 71,
  "fields": {
    "supply_kind": 1,
    "name": "CARTON DE 10.9",
    "code": "76",
    "max_product_amount": 10.9,
    "description": null,
    "standard": 5,
    "is_enabled": true
  }
},
{
  "model": "base.productkindcountrystandardpackaging",
  "pk": 72,
  "fields": {
    "supply_kind": 1,
    "name": "CARTON DE 11.7",
    "code": "77",
    "max_product_amount": 11.7,
    "description": null,
    "standard": 5,
    "is_enabled": true
  }
},
{
  "model": "base.productkindcountrystandardpackaging",
  "pk": 73,
  "fields": {
    "supply_kind": 1,
    "name": "CARTON DE 11.4",
    "code": "78",
    "max_product_amount": 11.4,
    "description": null,
    "standard": 5,
    "is_enabled": true
  }
},
{
  "model": "base.productkindcountrystandardpackaging",
  "pk": 74,
  "fields": {
    "supply_kind": 1,
    "name": "CARTON DE 16.6",
    "code": "79",
    "max_product_amount": 16.6,
    "description": null,
    "standard": 5,
    "is_enabled": true
  }
},
{
  "model": "base.productkindcountrystandardpackaging",
  "pk": 75,
  "fields": {
    "supply_kind": 1,
    "name": "PLASTICO DE 16.6",
    "code": "80",
    "max_product_amount": 16.6,
    "description": null,
    "standard": 5,
    "is_enabled": true
  }
},
{
  "model": "base.productkindcountrystandardpackaging",
  "pk": 76,
  "fields": {
    "supply_kind": 1,
    "name": "PLASTICO DE 6",
    "code": "81",
    "max_product_amount": 6.0,
    "description": null,
    "standard": 5,
    "is_enabled": true
  }
},
{
  "model": "base.productkindcountrystandardpackaging",
  "pk": 77,
  "fields": {
    "supply_kind": 1,
    "name": "CARTON DE 14.55",
    "code": "83",
    "max_product_amount": 14.55,
    "description": null,
    "standard": 5,
    "is_enabled": true
  }
},
{
  "model": "base.productkindcountrystandardpackaging",
  "pk": 78,
  "fields": {
    "supply_kind": 1,
    "name": "CARTON DE 7.00",
    "code": "84",
    "max_product_amount": 7.0,
    "description": null,
    "standard": 5,
    "is_enabled": true
  }
},
{
  "model": "base.productkindcountrystandardpackaging",
  "pk": 79,
  "fields": {
    "supply_kind": 1,
    "name": "CARTON DE 14.3",
    "code": "85",
    "max_product_amount": 14.3,
    "description": null,
    "standard": 5,
    "is_enabled": true
  }
},
{
  "model": "base.productkindcountrystandardpackaging",
  "pk": 80,
  "fields": {
    "supply_kind": 1,
    "name": "CARTON DE 2.6",
    "code": "86",
    "max_product_amount": 2.6,
    "description": null,
    "standard": 5,
    "is_enabled": true
  }
},
{
  "model": "base.productkindcountrystandardpackaging",
  "pk": 81,
  "fields": {
    "supply_kind": 1,
    "name": "CARTON DE 5.4",
    "code": "87",
    "max_product_amount": 5.4,
    "description": null,
    "standard": 5,
    "is_enabled": true
  }
},
{
  "model": "base.productkindcountrystandardpackaging",
  "pk": 82,
  "fields": {
    "supply_kind": 1,
    "name": "CARTON DE 2.5",
    "code": "88",
    "max_product_amount": 2.5,
    "description": null,
    "standard": 5,
    "is_enabled": true
  }
},
{
  "model": "base.productkindcountrystandardpackaging",
  "pk": 83,
  "fields": {
    "supply_kind": 1,
    "name": "CARTON DE 8.5",
    "code": "89",
    "max_product_amount": 8.5,
    "description": null,
    "standard": 5,
    "is_enabled": true
  }
},
{
  "model": "base.productkindcountrystandardpackaging",
  "pk": 84,
  "fields": {
    "supply_kind": 1,
    "name": "CARTON DE 8.6",
    "code": "90",
    "max_product_amount": 8.6,
    "description": null,
    "standard": 5,
    "is_enabled": true
  }
},
{
  "model": "base.productkindcountrystandardpackaging",
  "pk": 85,
  "fields": {
    "supply_kind": 1,
    "name": "CARTON DE 17.3",
    "code": "91",
    "max_product_amount": 17.3,
    "description": null,
    "standard": 5,
    "is_enabled": true
  }
},
{
  "model": "base.productkindcountrystandardpackaging",
  "pk": 86,
  "fields": {
    "supply_kind": 1,
    "name": "CARTON DE 13.3",
    "code": "92",
    "max_product_amount": 13.3,
    "description": null,
    "standard": 5,
    "is_enabled": true
  }
},
{
  "model": "base.productkindcountrystandardpackaging",
  "pk": 87,
  "fields": {
    "supply_kind": 1,
    "name": "CARTON DE 16.3",
    "code": "93",
    "max_product_amount": 16.3,
    "description": null,
    "standard": 5,
    "is_enabled": true
  }
},
{
  "model": "base.productkindcountrystandardpackaging",
  "pk": 88,
  "fields": {
    "supply_kind": 1,
    "name": "CARTON DE 16.95",
    "code": "94",
    "max_product_amount": 16.95,
    "description": null,
    "standard": 5,
    "is_enabled": true
  }
},
{
  "model": "base.productkindcountrystandardpackaging",
  "pk": 89,
  "fields": {
    "supply_kind": 1,
    "name": "CARTON DE 11.6",
    "code": "95",
    "max_product_amount": 11.6,
    "description": null,
    "standard": 5,
    "is_enabled": true
  }
},
{
  "model": "base.productkindcountrystandardpackaging",
  "pk": 90,
  "fields": {
    "supply_kind": 1,
    "name": "CARTON DE 8.3",
    "code": "96",
    "max_product_amount": 8.3,
    "description": null,
    "standard": 5,
    "is_enabled": true
  }
},
{
  "model": "base.productkindcountrystandardpackaging",
  "pk": 91,
  "fields": {
    "supply_kind": 1,
    "name": "CARTON DE 8",
    "code": "98",
    "max_product_amount": 8.0,
    "description": null,
    "standard": 5,
    "is_enabled": true
  }
},
{
  "model": "base.productkindcountrystandardpackaging",
  "pk": 92,
  "fields": {
    "supply_kind": 1,
    "name": "CARTON DE 15.8",
    "code": "99",
    "max_product_amount": 15.8,
    "description": null,
    "standard": 5,
    "is_enabled": true
  }
},
{
  "model": "base.productkindcountrystandardpackaging",
  "pk": 93,
  "fields": {
    "supply_kind": 1,
    "name": "CARTON DE 15.5",
    "code": "100",
    "max_product_amount": 15.5,
    "description": null,
    "standard": 5,
    "is_enabled": true
  }
},
{
  "model": "base.productkindcountrystandardpackaging",
  "pk": 94,
  "fields": {
    "supply_kind": 1,
    "name": "CARTON DE 7.5",
    "code": "101",
    "max_product_amount": 7.5,
    "description": null,
    "standard": 5,
    "is_enabled": true
  }
},
{
  "model": "base.productkindcountrystandardpackaging",
  "pk": 95,
  "fields": {
    "supply_kind": 1,
    "name": "CARTON DE 5.55",
    "code": "102",
    "max_product_amount": 5.55,
    "description": null,
    "standard": 5,
    "is_enabled": true
  }
},
{
  "model": "base.productkindcountrystandardpackaging",
  "pk": 96,
  "fields": {
    "supply_kind": 1,
    "name": "CARTON DE 9.6",
    "code": "103",
    "max_product_amount": 9.6,
    "description": null,
    "standard": 5,
    "is_enabled": true
  }
},
{
  "model": "base.productkindcountrystandardpackaging",
  "pk": 97,
  "fields": {
    "supply_kind": 1,
    "name": "CARTON DE 22.5",
    "code": "104",
    "max_product_amount": 22.5,
    "description": null,
    "standard": 5,
    "is_enabled": true
  }
},
{
  "model": "base.productkindcountrystandardpackaging",
  "pk": 98,
  "fields": {
    "supply_kind": 1,
    "name": "CARTON DE 9.7",
    "code": "105",
    "max_product_amount": 9.7,
    "description": null,
    "standard": 5,
    "is_enabled": true
  }
},
{
  "model": "base.productkindcountrystandardpackaging",
  "pk": 99,
  "fields": {
    "supply_kind": 1,
    "name": "CARTON DE 4.8",
    "code": "106",
    "max_product_amount": 4.8,
    "description": null,
    "standard": 5,
    "is_enabled": true
  }
},
{
  "model": "base.productkindcountrystandardpackaging",
  "pk": 100,
  "fields": {
    "supply_kind": 1,
    "name": "CARTON DE 5.63",
    "code": "107",
    "max_product_amount": 5.63,
    "description": null,
    "standard": 5,
    "is_enabled": true
  }
},
{
  "model": "base.productkindcountrystandardpackaging",
  "pk": 101,
  "fields": {
    "supply_kind": 1,
    "name": "PLASTICO DE 13",
    "code": "108",
    "max_product_amount": 13.0,
    "description": null,
    "standard": 5,
    "is_enabled": true
  }
},
{
  "model": "base.productkindcountrystandardpackaging",
  "pk": 102,
  "fields": {
    "supply_kind": 1,
    "name": "PLASTICO DE 8.5",
    "code": "109",
    "max_product_amount": 8.5,
    "description": null,
    "standard": 5,
    "is_enabled": true
  }
},
{
  "model": "base.productkindcountrystandardpackaging",
  "pk": 103,
  "fields": {
    "supply_kind": 1,
    "name": "PLASTICO DE 8",
    "code": "110",
    "max_product_amount": 8.0,
    "description": null,
    "standard": 5,
    "is_enabled": true
  }
},
{
  "model": "base.productkindcountrystandardpackaging",
  "pk": 104,
  "fields": {
    "supply_kind": 1,
    "name": "PLASTICO DE 7",
    "code": "111",
    "max_product_amount": 7.0,
    "description": null,
    "standard": 5,
    "is_enabled": true
  }
},
{
  "model": "base.productkindcountrystandardpackaging",
  "pk": 105,
  "fields": {
    "supply_kind": 1,
    "name": "PLASTICO DE 8.6",
    "code": "112",
    "max_product_amount": 8.6,
    "description": null,
    "standard": 5,
    "is_enabled": true
  }
},
{
  "model": "base.productkindcountrystandardpackaging",
  "pk": 106,
  "fields": {
    "supply_kind": 1,
    "name": "PLASTICO DE 20",
    "code": "113",
    "max_product_amount": 20.0,
    "description": null,
    "standard": 5,
    "is_enabled": true
  }
},
{
  "model": "base.productkindcountrystandardpackaging",
  "pk": 107,
  "fields": {
    "supply_kind": 1,
    "name": "PLASTICO DE 16.75",
    "code": "114",
    "max_product_amount": 16.75,
    "description": null,
    "standard": 5,
    "is_enabled": true
  }
},
{
  "model": "base.productkindcountrystandardpackaging",
  "pk": 108,
  "fields": {
    "supply_kind": 1,
    "name": "PLASTICO DE 15",
    "code": "115",
    "max_product_amount": 15.0,
    "description": null,
    "standard": 5,
    "is_enabled": true
  }
},
{
  "model": "base.productkindcountrystandardpackaging",
  "pk": 109,
  "fields": {
    "supply_kind": 1,
    "name": "PLASTICO DE 9",
    "code": "116",
    "max_product_amount": 9.0,
    "description": null,
    "standard": 5,
    "is_enabled": true
  }
},
{
  "model": "base.productkindcountrystandardpackaging",
  "pk": 110,
  "fields": {
    "supply_kind": 1,
    "name": "PLASTICO DE 8.475",
    "code": "117",
    "max_product_amount": 8.475,
    "description": null,
    "standard": 5,
    "is_enabled": true
  }
},
{
  "model": "base.productkindcountrystandardpackaging",
  "pk": 111,
  "fields": {
    "supply_kind": 1,
    "name": "PLASTICO DE 10.5",
    "code": "118",
    "max_product_amount": 10.5,
    "description": null,
    "standard": 5,
    "is_enabled": true
  }
},
{
  "model": "base.productkindcountrystandardpackaging",
  "pk": 112,
  "fields": {
    "supply_kind": 1,
    "name": "PLASTICO DE 8.3",
    "code": "119",
    "max_product_amount": 8.3,
    "description": null,
    "standard": 5,
    "is_enabled": true
  }
},
{
  "model": "base.productkindcountrystandardpackaging",
  "pk": 113,
  "fields": {
    "supply_kind": 1,
    "name": "PLASTICO DE 14",
    "code": "120",
    "max_product_amount": 14.0,
    "description": null,
    "standard": 5,
    "is_enabled": true
  }
},
{
  "model": "base.productkindcountrystandardpackaging",
  "pk": 114,
  "fields": {
    "supply_kind": 1,
    "name": "CARTON DE 10.6",
    "code": "121",
    "max_product_amount": 10.6,
    "description": null,
    "standard": 5,
    "is_enabled": true
  }
},
{
  "model": "base.productkindcountrystandardpackaging",
  "pk": 115,
  "fields": {
    "supply_kind": 1,
    "name": "CARTON DE 8.4",
    "code": "122",
    "max_product_amount": 8.4,
    "description": null,
    "standard": 5,
    "is_enabled": true
  }
},
{
  "model": "base.productkindcountrystandardpackaging",
  "pk": 116,
  "fields": {
    "supply_kind": 1,
    "name": "PLASTICO DE 28",
    "code": "123",
    "max_product_amount": 28.0,
    "description": null,
    "standard": 5,
    "is_enabled": true
  }
},
{
  "model": "base.productkindcountrystandardpackaging",
  "pk": 117,
  "fields": {
    "supply_kind": 1,
    "name": "CARTON DE 380",
    "code": "124",
    "max_product_amount": 380.0,
    "description": null,
    "standard": 5,
    "is_enabled": true
  }
},
{
  "model": "base.productkindcountrystandardpackaging",
  "pk": 118,
  "fields": {
    "supply_kind": 1,
    "name": "CARTON DE 15.62",
    "code": "125",
    "max_product_amount": 15.62,
    "description": null,
    "standard": 5,
    "is_enabled": true
  }
},
{
  "model": "base.productkindcountrystandardpackaging",
  "pk": 119,
  "fields": {
    "supply_kind": 1,
    "name": "PLASTICO DE 10",
    "code": "126",
    "max_product_amount": 10.0,
    "description": null,
    "standard": 5,
    "is_enabled": true
  }
},
{
  "model": "base.productkindcountrystandardpackaging",
  "pk": 120,
  "fields": {
    "supply_kind": 1,
    "name": "PLASTICO DE 13.5",
    "code": "127",
    "max_product_amount": 13.5,
    "description": null,
    "standard": 5,
    "is_enabled": true
  }
},
{
  "model": "base.productkindcountrystandardpackaging",
  "pk": 121,
  "fields": {
    "supply_kind": 1,
    "name": "PLASTICO DE 420",
    "code": "128",
    "max_product_amount": 420.0,
    "description": null,
    "standard": 5,
    "is_enabled": true
  }
},
{
  "model": "base.productkindcountrystandardpackaging",
  "pk": 122,
  "fields": {
    "supply_kind": 1,
    "name": "CARTON DE 15.60",
    "code": "129",
    "max_product_amount": 15.6,
    "description": null,
    "standard": 5,
    "is_enabled": true
  }
},
{
  "model": "base.productkindcountrystandardpackaging",
  "pk": 123,
  "fields": {
    "supply_kind": 1,
    "name": "CARTON DE 15.750",
    "code": "130",
    "max_product_amount": 15.75,
    "description": null,
    "standard": 5,
    "is_enabled": true
  }
},
{
  "model": "base.productkindcountrystandardpackaging",
  "pk": 124,
  "fields": {
    "supply_kind": 1,
    "name": "PLASTICO DE 14.5",
    "code": "131",
    "max_product_amount": 14.5,
    "description": null,
    "standard": 5,
    "is_enabled": true
  }
},
{
  "model": "base.productkindcountrystandardpackaging",
  "pk": 125,
  "fields": {
    "supply_kind": 1,
    "name": "CARTON DE 16.1",
    "code": "132",
    "max_product_amount": 16.1,
    "description": null,
    "standard": 5,
    "is_enabled": true
  }
},
{
  "model": "base.productkindcountrystandardpackaging",
  "pk": 126,
  "fields": {
    "supply_kind": 1,
    "name": "CARTON DE 9.68",
    "code": "133",
    "max_product_amount": 9.68,
    "description": null,
    "standard": 5,
    "is_enabled": true
  }
},
{
  "model": "base.productkindcountrystandardpackaging",
  "pk": 127,
  "fields": {
    "supply_kind": 1,
    "name": "CARTON DE 9.27",
    "code": "134",
    "max_product_amount": 9.27,
    "description": null,
    "standard": 5,
    "is_enabled": true
  }
},
{
  "model": "base.productkindcountrystandardpackaging",
  "pk": 128,
  "fields": {
    "supply_kind": 1,
    "name": "CARTON DE 13.1",
    "code": "135",
    "max_product_amount": 13.1,
    "description": null,
    "standard": 5,
    "is_enabled": true
  }
},
{
  "model": "base.productkindcountrystandardpackaging",
  "pk": 129,
  "fields": {
    "supply_kind": 1,
    "name": "CARTON DE 4.5",
    "code": "136",
    "max_product_amount": 4.5,
    "description": null,
    "standard": 5,
    "is_enabled": true
  }
},
{
  "model": "base.productkindcountrystandardpackaging",
  "pk": 130,
  "fields": {
    "supply_kind": 1,
    "name": "CARTON DE 8.8",
    "code": "140",
    "max_product_amount": 8.8,
    "description": null,
    "standard": 5,
    "is_enabled": true
  }
},
{
  "model": "base.productkindcountrystandardpackaging",
  "pk": 131,
  "fields": {
    "supply_kind": 1,
    "name": "CARTON DE 55",
    "code": "141",
    "max_product_amount": 55.0,
    "description": null,
    "standard": 5,
    "is_enabled": true
  }
},
{
  "model": "base.productkindcountrystandardpackaging",
  "pk": 132,
  "fields": {
    "supply_kind": 1,
    "name": "CARTON DE 1100",
    "code": "143",
    "max_product_amount": 1100.0,
    "description": null,
    "standard": 5,
    "is_enabled": true
  }
},
{
  "model": "base.productkindcountrystandardpackaging",
  "pk": 133,
  "fields": {
    "supply_kind": 1,
    "name": "CARTON DE 8.48",
    "code": "144",
    "max_product_amount": 8.48,
    "description": null,
    "standard": 5,
    "is_enabled": true
  }
},
{
  "model": "base.productkindcountrystandardpackaging",
  "pk": 134,
  "fields": {
    "supply_kind": 1,
    "name": "CARTON DE 12.6",
    "code": "146",
    "max_product_amount": 12.6,
    "description": null,
    "standard": 5,
    "is_enabled": true
  }
},
{
  "model": "base.productkindcountrystandardpackaging",
  "pk": 135,
  "fields": {
    "supply_kind": 1,
    "name": "CARTON DE 3.7",
    "code": "147",
    "max_product_amount": 3.7,
    "description": null,
    "standard": 5,
    "is_enabled": true
  }
},
{
  "model": "base.productkindcountrystandardpackaging",
  "pk": 136,
  "fields": {
    "supply_kind": 1,
    "name": "CARTON DE 23",
    "code": "150",
    "max_product_amount": 23.0,
    "description": null,
    "standard": 5,
    "is_enabled": true
  }
},
{
  "model": "base.productkindcountrystandardpackaging",
  "pk": 137,
  "fields": {
    "supply_kind": 1,
    "name": "CARTON DE 320",
    "code": "151",
    "max_product_amount": 320.0,
    "description": null,
    "standard": 5,
    "is_enabled": true
  }
},
{
  "model": "base.productkindcountrystandardpackaging",
  "pk": 138,
  "fields": {
    "supply_kind": 1,
    "name": "CARTON DE 5.626",
    "code": "154",
    "max_product_amount": 5.626,
    "description": null,
    "standard": 5,
    "is_enabled": true
  }
},
{
  "model": "base.productkindcountrystandardpackaging",
  "pk": 139,
  "fields": {
    "supply_kind": 1,
    "name": "CARTON DE 4.56",
    "code": "157",
    "max_product_amount": 4.56,
    "description": null,
    "standard": 5,
    "is_enabled": true
  }
},
{
  "model": "base.productkindcountrystandardpackaging",
  "pk": 140,
  "fields": {
    "supply_kind": 1,
    "name": "CARTON DE 16.7",
    "code": "158",
    "max_product_amount": 16.7,
    "description": null,
    "standard": 5,
    "is_enabled": true
  }
},
{
  "model": "base.productkindcountrystandardpackaging",
  "pk": 141,
  "fields": {
    "supply_kind": 1,
    "name": "PLASTICO DE 13.1",
    "code": "159",
    "max_product_amount": 13.1,
    "description": null,
    "standard": 5,
    "is_enabled": true
  }
},
{
  "model": "base.productkindcountrystandardpackaging",
  "pk": 142,
  "fields": {
    "supply_kind": 1,
    "name": "PLASTICO DE 8.4",
    "code": "160",
    "max_product_amount": 8.4,
    "description": null,
    "standard": 5,
    "is_enabled": true
  }
},
{
  "model": "base.productkindcountrystandardpackaging",
  "pk": 143,
  "fields": {
    "supply_kind": 1,
    "name": "PLASTICO DE 18",
    "code": "161",
    "max_product_amount": 18.0,
    "description": null,
    "standard": 5,
    "is_enabled": true
  }
},
{
  "model": "base.productkindcountrystandardpackaging",
  "pk": 144,
  "fields": {
    "supply_kind": 1,
    "name": "PLASTICO DE 11.3",
    "code": "162",
    "max_product_amount": 11.3,
    "description": null,
    "standard": 5,
    "is_enabled": true
  }
},
{
  "model": "base.productkindcountrystandardpackaging",
  "pk": 145,
  "fields": {
    "supply_kind": 1,
    "name": "CARTON DE 8.625",
    "code": "163",
    "max_product_amount": 8.625,
    "description": null,
    "standard": 5,
    "is_enabled": true
  }
},
{
  "model": "base.productkindcountrystandardpackaging",
  "pk": 146,
  "fields": {
    "supply_kind": 1,
    "name": "CARTON DE 10.85",
    "code": "164",
    "max_product_amount": 10.85,
    "description": null,
    "standard": 5,
    "is_enabled": true
  }
},
{
  "model": "base.productkindcountrystandardpackaging",
  "pk": 147,
  "fields": {
    "supply_kind": 1,
    "name": "CARTON DE 5.75",
    "code": "165",
    "max_product_amount": 5.75,
    "description": null,
    "standard": 5,
    "is_enabled": true
  }
},
{
  "model": "base.productkindcountrystandardpackaging",
  "pk": 148,
  "fields": {
    "supply_kind": 1,
    "name": "CARTON DE 8.1",
    "code": "166",
    "max_product_amount": 8.1,
    "description": null,
    "standard": 5,
    "is_enabled": true
  }
},
{
  "model": "base.productkindcountrystandardpackaging",
  "pk": 149,
  "fields": {
    "supply_kind": 1,
    "name": "CARTON DE 395",
    "code": "167",
    "max_product_amount": 395.0,
    "description": null,
    "standard": 5,
    "is_enabled": true
  }
},
{
  "model": "base.productkindcountrystandardpackaging",
  "pk": 150,
  "fields": {
    "supply_kind": 1,
    "name": "CARTON DE 6.5",
    "code": "168",
    "max_product_amount": 6.5,
    "description": null,
    "standard": 5,
    "is_enabled": true
  }
},
{
  "model": "base.productkindcountrystandardpackaging",
  "pk": 151,
  "fields": {
    "supply_kind": 1,
    "name": "CARTON DE 9.72",
    "code": "169",
    "max_product_amount": 9.72,
    "description": null,
    "standard": 5,
    "is_enabled": true
  }
},
{
  "model": "base.productkindcountrystandardpackaging",
  "pk": 152,
  "fields": {
    "supply_kind": 1,
    "name": "PLASTICO DE 19",
    "code": "170",
    "max_product_amount": 19.0,
    "description": null,
    "standard": 5,
    "is_enabled": true
  }
},
{
  "model": "base.productkindcountrystandardpackaging",
  "pk": 153,
  "fields": {
    "supply_kind": 1,
    "name": "PLASTICO DE 21",
    "code": "171",
    "max_product_amount": 21.0,
    "description": null,
    "standard": 5,
    "is_enabled": true
  }
},
{
  "model": "base.productkindcountrystandardpackaging",
  "pk": 154,
  "fields": {
    "supply_kind": 1,
    "name": "CARTON DE 6.65",
    "code": "172",
    "max_product_amount": 6.65,
    "description": null,
    "standard": 5,
    "is_enabled": true
  }
},
{
    "model": "base.legalentitycategory",
    "pk": 1,
    "fields": {
        "code": "601",
        "name": "General de Ley Personas Morales",
        "country": 158
    }
},
{
    "model": "base.legalentitycategory",
    "pk": 2,
    "fields": {
        "code": "603",
        "name": "Personas Morales con Fines no Lucrativos",
        "country": 158
    }
},
{
    "model": "base.legalentitycategory",
    "pk": 3,
    "fields": {
        "code": "605",
        "name": "Sueldos y Salarios e Ingresos Asimilados a Salarios",
        "country": 158
    }
},
{
    "model": "base.legalentitycategory",
    "pk": 4,
    "fields": {
        "code": "606",
        "name": "Arrendamiento",
        "country": 158
    }
},
{
    "model": "base.legalentitycategory",
    "pk": 5,
    "fields": {
        "code": "607",
        "name": "Régimen de Enajenación o Adquisición de Bienes",
        "country": 158
    }
},
{
    "model": "base.legalentitycategory",
    "pk": 6,
    "fields": {
        "code": "608",
        "name": "Demás ingresos",
        "country": 158
    }
},
{
    "model": "base.legalentitycategory",
    "pk": 7,
    "fields": {
        "code": "609",
        "name": "Consolidación",
        "country": 158
    }
},
{
    "model": "base.legalentitycategory",
    "pk": 8,
    "fields": {
        "code": "610",
        "name": "Residentes en el Extranjero sin Establecimiento Permanente en México",
        "country": 158
    }
},
{
    "model": "base.legalentitycategory",
    "pk": 9,
    "fields": {
        "code": "611",
        "name": "Ingresos por Dividendos (socios y accionistas)",
        "country": 158
    }
},
{
    "model": "base.legalentitycategory",
    "pk": 10,
    "fields": {
        "code": "612",
        "name": "Personas Físicas con Actividades Empresariales y Profesionales",
        "country": 158
    }
},
{
    "model": "base.legalentitycategory",
    "pk": 11,
    "fields": {
        "code": "614",
        "name": "Ingresos por intereses",
        "country": 158
    }
},
{
    "model": "base.legalentitycategory",
    "pk": 12,
    "fields": {
        "code": "615",
        "name": "Régimen de los ingresos por obtención de premios",
        "country": 158
    }
},
{
    "model": "base.legalentitycategory",
    "pk": 13,
    "fields": {
        "code": "616",
        "name": "Sin obligaciones fiscales",
        "country": 158
    }
},
{
    "model": "base.legalentitycategory",
    "pk": 14,
    "fields": {
        "code": "620",
        "name": "Sociedades Cooperativas de Producción que optan por diferir sus ingresos",
        "country": 158
    }
},
{
    "model": "base.legalentitycategory",
    "pk": 15,
    "fields": {
        "code": "621",
        "name": "Incorporación Fiscal",
        "country": 158
    }
},
{
    "model": "base.legalentitycategory",
    "pk": 16,
    "fields": {
        "code": "622",
        "name": "Actividades Agrícolas, Ganaderas, Silvícolas y Pesqueras",
        "country": 158
    }
},
{
    "model": "base.legalentitycategory",
    "pk": 17,
    "fields": {
        "code": "623",
        "name": "Opcional para Grupos de Sociedades",
        "country": 158
    }
},
{
    "model": "base.legalentitycategory",
    "pk": 18,
    "fields": {
        "code": "624",
        "name": "Coordinados",
        "country": 158
    }
},
{
    "model": "base.legalentitycategory",
    "pk": 19,
    "fields": {
        "code": "625",
        "name": "Régimen de las Actividades Empresariales con ingresos a través de Plataformas Tecnológicas",
        "country": 158
    }
},
{
    "model": "base.legalentitycategory",
    "pk": 20,
    "fields": {
        "code": "626",
        "name": "Régimen Simplificado de Confianza",
        "country": 158
    }
},
{
    "model": "base.legalentitycategory",
    "pk": 21,
    "fields": {
        "code": "628",
        "name": "Hidrocarburos",
        "country": 158
    }
},
{
    "model": "base.legalentitycategory",
    "pk": 22,
    "fields": {
        "code": "629",
        "name": "De los Regímenes Fiscales Preferentes y de las Empresas Multinacionales",
        "country": 158
    }
},
{
    "model": "base.legalentitycategory",
    "pk": 23,
    "fields": {
        "code": "630",
        "name": "Enajenación de acciones en bolsa de valores",
        "country": 158
    }
},
{
    "model": "base.legalentitycategory",
    "pk": 24,
    "fields": {
        "code": "1",
        "name": "Single",
        "country": 234
    }
},
{
    "model": "base.legalentitycategory",
    "pk": 25,
    "fields": {
        "code": "1",
        "name": "Married Filing Jointly",
        "country": 234
    }
},
{
    "model": "base.legalentitycategory",
    "pk": 26,
    "fields": {
        "code": "1",
        "name": "Married Filing Separately",
        "country": 234
    }
},
{
    "model": "base.legalentitycategory",
    "pk": 27,
    "fields": {
        "code": "1",
        "name": "Head of Household",
        "country": 234
    }
},
{
    "model": "base.legalentitycategory",
    "pk": 28,
    "fields": {
        "code": "1",
        "name": "Qualifying Widow(er)",
        "country": 234
    }
},
{
    "model": "base.legalentitycategory",
    "pk": 29,
    "fields": {
        "code": "2",
        "name": "Sole Proprietorship",
        "country": 234
    }
},
{
    "model": "base.legalentitycategory",
    "pk": 30,
    "fields": {
        "code": "2",
        "name": "Partnership",
        "country": 234
    }
},
{
    "model": "base.legalentitycategory",
    "pk": 31,
    "fields": {
        "code": "2",
        "name": "C-Corporation",
        "country": 234
    }
},
{
    "model": "base.legalentitycategory",
    "pk": 32,
    "fields": {
        "code": "2",
        "name": "S-Corporation",
        "country": 234
    }
},
{
    "model": "base.legalentitycategory",
    "pk": 33,
    "fields": {
        "code": "2",
        "name": "Limited Liability Company (LLC)",
        "country": 234
    }
},
{
    "model": "base.legalentitycategory",
    "pk": 34,
    "fields": {
        "code": "2",
        "name": "Non-Profit Organization",
        "country": 234
    }
},
{
    "model": "base.legalentitycategory",
    "pk": 35,
    "fields": {
        "code": "3",
        "name": "Farmers and Ranchers",
        "country": 234
    }
},
{
    "model": "base.legalentitycategory",
    "pk": 36,
    "fields": {
        "code": "3",
        "name": "Household Employers",
        "country": 234
    }
},
{
    "model": "base.legalentitycategory",
    "pk": 37,
    "fields": {
        "code": "3",
        "name": "Resident and Non-Resident Aliens",
        "country": 234
    }
},
{
    "model": "base.capitalframework",
    "pk": 1,
    "fields": {
        "sort_order": null,
        "code": "S.A.",
        "name": "Sociedad Anónima",
        "country": 158
    }
},
{
    "model": "base.capitalframework",
    "pk": 2,
    "fields": {
        "sort_order": null,
        "code": "S.A. de C.V.",
        "name": "Sociedad Anónima de Capital Variable",
        "country": 158
    }
},
{
    "model": "base.capitalframework",
    "pk": 3,
    "fields": {
        "sort_order": null,
        "code": "S. de R.L.",
        "name": "Sociedad de Responsabilidad Limitada",
        "country": 158
    }
},
{
    "model": "base.capitalframework",
    "pk": 4,
    "fields": {
        "sort_order": null,
        "code": "S. de R.L. de C.V.",
        "name": "Sociedad de Responsabilidad Limitada de Capital Variable",
        "country": 158
    }
},
{
    "model": "base.capitalframework",
    "pk": 5,
    "fields": {
        "sort_order": null,
        "code": "S. en N.C.",
        "name": "Sociedad en Nombre Colectivo",
        "country": 158
    }
},
{
    "model": "base.capitalframework",
    "pk": 6,
    "fields": {
        "sort_order": null,
        "code": "S. en C.S.",
        "name": "Sociedad en Comandita Simple",
        "country": 158
    }
},
{
    "model": "base.capitalframework",
    "pk": 7,
    "fields": {
        "sort_order": null,
        "code": "S. en C.A.",
        "name": "Sociedad en Comandita por Acciones",
        "country": 158
    }
},
{
    "model": "base.capitalframework",
    "pk": 8,
    "fields": {
        "sort_order": null,
        "code": "S.C.",
        "name": "Sociedad Cooperativa",
        "country": 158
    }
},
{
    "model": "base.capitalframework",
    "pk": 9,
    "fields": {
        "sort_order": null,
        "code": "S.A.S.",
        "name": "Sociedad por Acciones Simplificada",
        "country": 158
    }
},
{
    "model": "base.capitalframework",
    "pk": 10,
    "fields": {
        "sort_order": null,
        "code": "A.C.",
        "name": "Asociación Civil",
        "country": 158
    }
},
{
    "model": "base.capitalframework",
    "pk": 11,
    "fields": {
        "sort_order": null,
        "code": "S.A.B.",
        "name": "Sociedad Anónima Bursátil",
        "country": 158
    }
},
{
    "model": "base.capitalframework",
    "pk": 12,
    "fields": {
        "sort_order": null,
        "code": "S.A.P.I.",
        "name": "Sociedad Anónima Promotora de Inversión",
        "country": 158
    }
},
{
    "model": "base.capitalframework",
    "pk": 13,
    "fields": {
        "sort_order": null,
        "code": "S.A.P.I. de C.V.",
        "name": "Sociedad Anónima Promotora de Inversión de Capital Variable",
        "country": 158
    }
},
{
    "model": "base.capitalframework",
    "pk": 14,
    "fields": {
        "sort_order": null,
        "code": "Corp.",
        "name": "Corporation",
        "country": 234
    }
},
{
    "model": "base.capitalframework",
    "pk": 15,
    "fields": {
        "sort_order": null,
        "code": "LLC",
        "name": "Limited Liability Company",
        "country": 234
    }
},
{
    "model": "base.capitalframework",
    "pk": 16,
    "fields": {
        "sort_order": null,
        "code": "S Corp.",
        "name": "S Corporation",
        "country": 234
    }
},
{
    "model": "base.capitalframework",
    "pk": 17,
    "fields": {
        "sort_order": null,
        "code": "C Corp.",
        "name": "C Corporation",
        "country": 234
    }
},
{
    "model": "base.capitalframework",
    "pk": 18,
    "fields": {
        "sort_order": null,
        "code": "Part.",
        "name": "Partnership",
        "country": 234
    }
},
{
    "model": "base.capitalframework",
    "pk": 19,
    "fields": {
        "sort_order": null,
        "code": "LLP",
        "name": "Limited Liability Partnership",
        "country": 234
    }
},
{
    "model": "base.capitalframework",
    "pk": 20,
    "fields": {
        "sort_order": null,
        "code": "LLLP",
        "name": "Limited Liability Limited Partnership",
        "country": 234
    }
},
{
    "model": "base.capitalframework",
    "pk": 21,
    "fields": {
        "sort_order": null,
        "code": "S. de R.L.U.",
        "name": "Sociedad de Responsabilidad Limitada Unipersonal",
        "country": 158
    }
},
{
    "model": "base.capitalframework",
    "pk": 22,
    "fields": {
        "sort_order": null,
        "code": "Sole Prop.",
        "name": "Sole Proprietorship",
        "country": 234
    }
},
{
    "model": "base.capitalframework",
    "pk": 23,
    "fields": {
        "sort_order": null,
        "code": "NPO o Non-Profit",
        "name": "Non-Profit Corporation",
        "country": 234
    }
},
{
    "model": "base.capitalframework",
    "pk": 24,
    "fields": {
        "sort_order": null,
        "code": "PC",
        "name": "Professional Corporation",
        "country": 234
    }
},
{
    "model": "base.capitalframework",
    "pk": 25,
    "fields": {
        "sort_order": null,
        "code": "PLLC",
        "name": "Professional Limited Liability Company",
        "country": 234
    }
},
{
    "model": "base.capitalframework",
    "pk": 26,
    "fields": {
        "sort_order": null,
        "code": "B Corp.",
        "name": "Benefit Corporation",
        "country": 234
    }
},
{
    "model": "base.capitalframework",
    "pk": 27,
    "fields": {
        "sort_order": null,
        "code": "Closely Held Corp.",
        "name": "Close Corporation",
        "country": 234
    }
},
{
    "model": "base.capitalframework",
    "pk": 28,
    "fields": {
        "sort_order": null,
        "code": "Corp.",
        "name": "Corporation",
        "country": 38
    }
},
{
    "model": "base.capitalframework",
    "pk": 29,
    "fields": {
        "sort_order": null,
        "code": "LLC",
        "name": "Limited Liability Company",
        "country": 38
    }
},
{
    "model": "base.capitalframework",
    "pk": 30,
    "fields": {
        "sort_order": null,
        "code": "C.C.",
        "name": "Canadian Corporation",
        "country": 38
    }
},
{
    "model": "base.capitalframework",
    "pk": 31,
    "fields": {
        "sort_order": null,
        "code": "NPO",
        "name": "Non-Profit Corporation",
        "country": 38
    }
},
{
    "model": "base.capitalframework",
    "pk": 32,
    "fields": {
        "sort_order": null,
        "code": "Part.",
        "name": "Partnership",
        "country": 38
    }
},
{
    "model": "base.capitalframework",
    "pk": 33,
    "fields": {
        "sort_order": null,
        "code": "LLP",
        "name": "Limited Liability Partnership",
        "country": 38
    }
},
{
    "model": "base.capitalframework",
    "pk": 34,
    "fields": {
        "sort_order": null,
        "code": "JV",
        "name": "Joint Venture",
        "country": 38
    }
},
{
    "model": "base.capitalframework",
    "pk": 35,
    "fields": {
        "sort_order": null,
        "code": "Co-op",
        "name": "Cooperative",
        "country": 38
    }
},
{
    "model": "base.capitalframework",
    "pk": 36,
    "fields": {
        "sort_order": null,
        "code": "Sole Prop.",
        "name": "Sole Proprietorship",
        "country": 38
    }
},
{
    "model": "base.capitalframework",
    "pk": 37,
    "fields": {
        "sort_order": null,
        "code": "Trust",
        "name": "Trust",
        "country": 38
    }
},
{
    "model": "base.capitalframework",
    "pk": 38,
    "fields": {
        "sort_order": null,
        "code": "ULC",
        "name": "Unlimited Liability Corporation",
        "country": 38
    }
},
{
    "model": "base.capitalframework",
    "pk": 39,
    "fields": {
        "sort_order": null,
        "code": "FIC",
        "name": "Federally Incorporated Corporation",
        "country": 38
    }
},
{
    "model": "base.incoterm",
    "pk": 1,
    "fields": {
        "code": "EXW",
        "name": "Ex Works",
        "name_en": null,
        "name_pt": null,
        "name_fr": null,
        "name_de": null,
        "name_es": "Ex Works",
        "is_enabled": true,
        "sort_order": 1
    }
},
{
    "model": "base.incoterm",
    "pk": 2,
    "fields": {
        "code": "FCA",
        "name": "Free Carrier",
        "name_en": null,
        "name_pt": null,
        "name_fr": null,
        "name_de": null,
        "name_es": "Free Carrier",
        "is_enabled": true,
        "sort_order": 2
    }
},
{
    "model": "base.incoterm",
    "pk": 3,
    "fields": {
        "code": "FAS",
        "name": "Free Alongside Ship",
        "name_en": null,
        "name_pt": null,
        "name_fr": null,
        "name_de": null,
        "name_es": "Free Alongside Ship",
        "is_enabled": true,
        "sort_order": 3
    }
},
{
    "model": "base.incoterm",
    "pk": 4,
    "fields": {
        "code": "FOB",
        "name": "Free On Board",
        "name_en": null,
        "name_pt": null,
        "name_fr": null,
        "name_de": null,
        "name_es": "Free On Board",
        "is_enabled": true,
        "sort_order": 4
    }
},
{
    "model": "base.incoterm",
    "pk": 5,
    "fields": {
        "code": "CFR",
        "name": "Cost And Freight",
        "name_en": null,
        "name_pt": null,
        "name_fr": null,
        "name_de": null,
        "name_es": "Cost And Freight",
        "is_enabled": true,
        "sort_order": 5
    }
},
{
    "model": "base.incoterm",
    "pk": 6,
    "fields": {
        "code": "CIF",
        "name": "Cost, Insurance And Freight",
        "name_en": null,
        "name_pt": null,
        "name_fr": null,
        "name_de": null,
        "name_es": "Cost, Insurance And Freight",
        "is_enabled": true,
        "sort_order": 6
    }
},
{
    "model": "base.incoterm",
    "pk": 7,
    "fields": {
        "code": "CPT",
        "name": "Carriage Paid To",
        "name_en": null,
        "name_pt": null,
        "name_fr": null,
        "name_de": null,
        "name_es": "Carriage Paid To",
        "is_enabled": true,
        "sort_order": 7
    }
},
{
    "model": "base.incoterm",
    "pk": 8,
    "fields": {
        "code": "CIP",
        "name": "Cost, Insurance And Freight",
        "name_en": null,
        "name_pt": null,
        "name_fr": null,
        "name_de": null,
        "name_es": "Cost, Insurance And Freight",
        "is_enabled": true,
        "sort_order": 8
    }
},
{
    "model": "base.incoterm",
    "pk": 9,
    "fields": {
        "code": "DAP",
        "name": "Delivery At Place",
        "name_en": null,
        "name_pt": null,
        "name_fr": null,
        "name_de": null,
        "name_es": "Delivery At Place",
        "is_enabled": true,
        "sort_order": 9
    }
},
{
    "model": "base.incoterm",
    "pk": 10,
    "fields": {
        "code": "DPU",
        "name": "Delivered At Place Unloaded",
        "name_en": null,
        "name_pt": null,
        "name_fr": null,
        "name_de": null,
        "name_es": "Delivered At Place Unloaded",
        "is_enabled": true,
        "sort_order": 10
    }
},
{
    "model": "base.incoterm",
    "pk": 11,
    "fields": {
        "code": "CIF",
        "name": "Delivery Duty Paid",
        "name_en": null,
        "name_pt": null,
        "name_fr": null,
        "name_de": null,
        "name_es": "Delivery Duty Paid",
        "is_enabled": true,
        "sort_order": 11
    }
},
{
    "model": "base.localdelivery",
    "pk": 1,
    "fields": {
        "name": "Entrega en planta",
        "name_en": null,
        "name_pt": null,
        "name_fr": null,
        "name_de": null,
        "name_es": "Entrega en planta",
        "is_enabled": true,
        "sort_order": 1
    }
},
{
    "model": "base.localdelivery",
    "pk": 2,
    "fields": {
        "name": "Entrega en planta con servicio de transporte",
        "name_en": null,
        "name_pt": null,
        "name_fr": null,
        "name_de": null,
        "name_es": "Entrega en planta con servicio de transporte",
        "is_enabled": true,
        "sort_order": 2
    }
},
{
    "model": "base.localdelivery",
    "pk": 3,
    "fields": {
        "name": "Entrega en bodega",
        "name_en": null,
        "name_pt": null,
        "name_fr": null,
        "name_de": null,
        "name_es": "Entrega en bodega",
        "is_enabled": true,
        "sort_order": 3
    }
},
{
    "model": "base.localdelivery",
    "pk": 4,
    "fields": {
        "name": "Entrega en frontera",
        "name_en": null,
        "name_pt": null,
        "name_fr": null,
        "name_de": null,
        "name_es": "Entrega en frontera",
        "is_enabled": true,
        "sort_order": 4
    }
},
{
    "model": "base.localdelivery",
    "pk": 5,
    "fields": {
        "name": "Entrega a consignatario",
        "name_en": null,
        "name_pt": null,
        "name_fr": null,
        "name_de": null,
        "name_es": "Entrega a consignatario",
        "is_enabled": true,
        "sort_order": 5
    }
},
{
    "model": "base.currency",
    "pk": 1,
    "fields": {
        "code": "USD",
        "name": "DÓLAR ESTADOUNIDENSE",
        "name_en": "UNITED STATES DOLLAR",
        "name_pt": "DÓLAR AMERICANO",
        "name_fr": "DOLLAR AMÉRICAIN",
        "name_de": "US-DOLLAR",
        "name_es": "DÓLAR ESTADOUNIDENSE",
        "is_enabled": true
    }
},
{
    "model": "base.currency",
    "pk": 2,
    "fields": {
        "code": "MXN",
        "name": "PESO MEXICANO",
        "name_en": "MEXICAN PESO",
        "name_pt": "PESO MEXICANO",
        "name_fr": "PESO MEXICAIN",
        "name_de": "MEXIKANISCHER PESO",
        "name_es": "PESO MEXICANO",
        "is_enabled": true
    }
},
{
    "model": "base.currency",
    "pk": 3,
    "fields": {
        "code": "EUR",
        "name": "EURO",
        "name_en": "EURO",
        "name_pt": "EURO",
        "name_fr": "EURO",
        "name_de": "EURO",
        "name_es": "EURO",
        "is_enabled": true
    }
},
{
    "model": "base.currency",
    "pk": 4,
    "fields": {
        "code": "COP",
        "name": "PESO COLOMBIANO",
        "name_en": "COLOMBIAN PESO",
        "name_pt": "PESO COLOMBIANO",
        "name_fr": "PESO COLOMBIEN",
        "name_de": "KOLUMBIANISCHER PESO",
        "name_es": "PESO COLOMBIANO",
        "is_enabled": true
    }
}
]
