[
{
  "model": "catalogs.market",
  "pk": 1,
  "fields": {
    "name": "MEXICO UNO",
    "alias": "MX1",
    "management_cost_per_kg": 11.0,
    "is_mixable": true,
    "label_language": "es",
    "address_label": null,
    "is_enabled": true,
    "organization": 1,
    "countries": [
      158
    ]
  }
},
{
  "model": "catalogs.market",
  "pk": 2,
  "fields": {
    "name": "MEXICO 2",
    "alias": "MX2",
    "management_cost_per_kg": 12.0,
    "is_mixable": true,
    "label_language": "es",
    "address_label": null,
    "is_enabled": true,
    "organization": 2,
    "countries": [
      158
    ]
  }
},
{
  "model": "catalogs.market",
  "pk": 3,
  "fields": {
    "name": "COLOMBIA",
    "alias": "CO",
    "management_cost_per_kg": 12.0,
    "is_mixable": true,
    "label_language": "es",
    "address_label": null,
    "is_enabled": false,
    "organization": 1,
    "countries": [
      49
    ]
  }
},
{
  "model": "catalogs.market",
  "pk": 4,
  "fields": {
    "name": "CUBA",
    "alias": "CU",
    "management_cost_per_kg": 12.0,
    "is_mixable": true,
    "label_language": "es",
    "address_label": null,
    "is_enabled": true,
    "organization": 1,
    "countries": [
      51
    ]
  }
},
{
  "model": "catalogs.marketclass",
  "pk": 1,
  "fields": {
    "name": "A",
    "is_enabled": true,
    "market": 1
  }
},
{
  "model": "catalogs.marketclass",
  "pk": 2,
  "fields": {
    "name": "B",
    "is_enabled": true,
    "market": 1
  }
},
{
  "model": "catalogs.marketclass",
  "pk": 3,
  "fields": {
    "name": "C",
    "is_enabled": true,
    "market": 1
  }
},
{
  "model": "catalogs.marketclass",
  "pk": 4,
  "fields": {
    "name": "A",
    "is_enabled": true,
    "market": 2
  }
},
{
  "model": "catalogs.marketclass",
  "pk": 5,
  "fields": {
    "name": "B",
    "is_enabled": true,
    "market": 2
  }
},
{
  "model": "catalogs.marketclass",
  "pk": 6,
  "fields": {
    "name": "C",
    "is_enabled": true,
    "market": 2
  }
},
{
  "model": "catalogs.marketclass",
  "pk": 7,
  "fields": {
    "name": "A",
    "is_enabled": true,
    "market": 3
  }
},
{
  "model": "catalogs.marketclass",
  "pk": 8,
  "fields": {
    "name": "B",
    "is_enabled": true,
    "market": 3
  }
},
{
  "model": "catalogs.marketclass",
  "pk": 9,
  "fields": {
    "name": "C",
    "is_enabled": true,
    "market": 3
  }
},
{
  "model": "catalogs.marketclass",
  "pk": 10,
  "fields": {
    "name": "A",
    "is_enabled": true,
    "market": 4
  }
},
{
  "model": "catalogs.marketclass",
  "pk": 11,
  "fields": {
    "name": "B",
    "is_enabled": true,
    "market": 4
  }
},
{
  "model": "catalogs.marketclass",
  "pk": 12,
  "fields": {
    "name": "C",
    "is_enabled": false,
    "market": 4
  }
},
{
  "model": "catalogs.product",
  "pk": 1,
  "fields": {
    "kind": 8,
    "name": "AGUACATE",
    "description": null,
    "is_enabled": true,
    "organization": 1
  }
},
{
  "model": "catalogs.product",
  "pk": 2,
  "fields": {
    "kind": 8,
    "name": "AGUACATE DOS",
    "description": null,
    "is_enabled": true,
    "organization": 2
  }
},
{
  "model": "catalogs.product",
  "pk": 3,
  "fields": {
    "kind": 8,
    "name": "PALTA",
    "description": null,
    "is_enabled": true,
    "organization": 1
  }
},
{
  "model": "catalogs.product",
  "pk": 4,
  "fields": {
    "kind": 9,
    "name": "LIMÓN AMARILLO",
    "description": null,
    "is_enabled": true,
    "organization": 1
  }
},
{
  "model": "catalogs.product",
  "pk": 5,
  "fields": {
    "kind": 8,
    "name": "VERDE",
    "description": null,
    "is_enabled": true,
    "organization": 1
  }
},
{
  "model": "catalogs.product",
  "pk": 6,
  "fields": {
    "kind": 8,
    "name": "UNO",
    "description": null,
    "is_enabled": true,
    "organization": 1
  }
},
{
  "model": "catalogs.productvariety",
  "pk": 1,
  "fields": {
    "name": "HASS UNO",
    "alias": "HAS",
    "description": null,
    "is_enabled": true,
    "product": 1
  }
},
{
  "model": "catalogs.productvariety",
  "pk": 2,
  "fields": {
    "name": "MENDEZ UNO",
    "alias": "MEN",
    "description": null,
    "is_enabled": true,
    "product": 1
  }
},
{
  "model": "catalogs.productvariety",
  "pk": 3,
  "fields": {
    "name": "CRIOLLO UNO",
    "alias": "CR1",
    "description": null,
    "is_enabled": false,
    "product": 1
  }
},
{
  "model": "catalogs.productvariety",
  "pk": 4,
  "fields": {
    "name": "HASS DOS",
    "alias": "H2",
    "description": null,
    "is_enabled": true,
    "product": 2
  }
},
{
  "model": "catalogs.productvariety",
  "pk": 5,
  "fields": {
    "name": "MENDEZ DOS",
    "alias": "M2",
    "description": null,
    "is_enabled": true,
    "product": 2
  }
},
{
  "model": "catalogs.productvariety",
  "pk": 6,
  "fields": {
    "name": "AZUL",
    "alias": "A1",
    "description": null,
    "is_enabled": true,
    "product": 3
  }
},
{
  "model": "catalogs.productvariety",
  "pk": 7,
  "fields": {
    "name": "VERDE",
    "alias": "V1",
    "description": null,
    "is_enabled": true,
    "product": 3
  }
},
{
  "model": "catalogs.productvariety",
  "pk": 8,
  "fields": {
    "name": "A1",
    "alias": "A1",
    "description": null,
    "is_enabled": true,
    "product": 4
  }
},
{
  "model": "catalogs.productharvestsizekind",
  "pk": 1,
  "fields": {
    "product": 1,
    "name": "210 g +",
    "is_enabled": true,
    "sort_order": 1
  }
},
{
  "model": "catalogs.productharvestsizekind",
  "pk": 2,
  "fields": {
    "product": 1,
    "name": "180 g +",
    "is_enabled": true,
    "sort_order": 4
  }
},
{
  "model": "catalogs.productharvestsizekind",
  "pk": 4,
  "fields": {
    "product": 1,
    "name": "mdz 210 g +",
    "is_enabled": true,
    "sort_order": 3
  }
},
{
  "model": "catalogs.productharvestsizekind",
  "pk": 5,
  "fields": {
    "product": 1,
    "name": "aaa",
    "is_enabled": true,
    "sort_order": 2
  }
},
{
  "model": "catalogs.productharvestsizekind",
  "pk": 6,
  "fields": {
    "product": 1,
    "name": "aaa1",
    "is_enabled": true,
    "sort_order": 6
  }
},
{
  "model": "catalogs.productharvestsizekind",
  "pk": 7,
  "fields": {
    "product": 3,
    "name": "200 g +",
    "is_enabled": true,
    "sort_order": 1
  }
},
{
  "model": "catalogs.productharvestsizekind",
  "pk": 8,
  "fields": {
    "product": 3,
    "name": "210 g +",
    "is_enabled": true,
    "sort_order": 2
  }
},
{
  "model": "catalogs.productharvestsizekind",
  "pk": 9,
  "fields": {
    "product": 3,
    "name": "180 g +",
    "is_enabled": true,
    "sort_order": 0
  }
},
{
  "model": "catalogs.productharvestsizekind",
  "pk": 10,
  "fields": {
    "product": 3,
    "name": "250 g +",
    "is_enabled": true,
    "sort_order": 0
  }
},
{
  "model": "catalogs.productharvestsizekind",
  "pk": 11,
  "fields": {
    "product": 3,
    "name": "120 g +",
    "is_enabled": true,
    "sort_order": 0
  }
},
{
  "model": "catalogs.productharvestsizekind",
  "pk": 12,
  "fields": {
    "product": 3,
    "name": "85 g +",
    "is_enabled": true,
    "sort_order": 0
  }
},
{
  "model": "catalogs.productseasonkind",
  "pk": 1,
  "fields": {
    "name": "NORMAL",
    "is_enabled": true,
    "product": 1,
    "sort_order": 0
  }
},
{
  "model": "catalogs.productseasonkind",
  "pk": 2,
  "fields": {
    "name": "DESECHO","is_enabled": true,
    "product": 1,
    "sort_order": 1
  }
},
{
  "model": "catalogs.productseasonkind",
  "pk": 3,
  "fields": {
    "name": "ROÑA",
    "is_enabled": true,
    "product": 1,
    "sort_order": 2
  }
},
{
  "model": "catalogs.productseasonkind",
  "pk": 4,
  "fields": {
    "name": "MATERIA ORGÁNICA",
    "is_enabled": true,
    "product": 1,
    "sort_order": 3
  }
},
{
  "model": "catalogs.productseasonkind",
  "pk": 5,
  "fields": {
    "name": "NORMAL",
    "is_enabled": true,
    "product": 2,
    "sort_order": 0
  }
},
{
  "model": "catalogs.productseasonkind",
  "pk": 6,
  "fields": {
    "name": "DESECHO",
    "is_enabled": true,
    "product": 2,
    "sort_order": 1
  }
},
{
  "model": "catalogs.productseasonkind",
  "pk": 7,
  "fields": {
    "name": "ROÑA",
    "is_enabled": true,
    "product": 2,
    "sort_order": 2
  }
},
{
  "model": "catalogs.productseasonkind",
  "pk": 8,
  "fields": {
    "name": "MATERIA ORGÁNICA",
    "is_enabled": true,
    "product": 2,
    "sort_order": 3
  }
},
{
  "model": "catalogs.productmassvolumekind",
  "pk": 1,
  "fields": {
    "name": "ESTANDAR",
    "packaging_supply_kind": 1,
    "is_enabled": true,
    "product": 1,
    "sort_order": 0
  }
},
{
  "model": "catalogs.productmassvolumekind",
  "pk": 2,
  "fields": {
    "name": "ENMALLADO",
    "packaging_supply_kind": 1,
    "is_enabled": true,
    "product": 1,
    "sort_order": 1
  }
},
{
  "model": "catalogs.productmassvolumekind",
  "pk": 3,
  "fields": {
    "name": "ORGÁNICO",
    "packaging_supply_kind": 1,
    "is_enabled": true,
    "product": 1,
    "sort_order": 2
  }
},
{
  "model": "catalogs.productmassvolumekind",
  "pk": 4,
  "fields": {
    "name": "ESTANDAR",
    "packaging_supply_kind": 1,
    "is_enabled": true,
    "product": 2,
    "sort_order": 0
  }
},
{
  "model": "catalogs.productmassvolumekind",
  "pk": 5,
  "fields": {
    "name": "ENMALLADO",
    "packaging_supply_kind": 1,
    "is_enabled": true,
    "product": 2,
    "sort_order": 1
  }
},
{
  "model": "catalogs.productmassvolumekind",
  "pk": 6,
  "fields": {
    "name": "ORGÁNICO",
    "packaging_supply_kind": 1,
    "is_enabled": true,
    "product": 2,
    "sort_order": 2
  }
},
{
  "model": "catalogs.provider",
  "pk": 1,
  "fields": {
    "name": "JUANITO",
    "category": "service_provider",
    "provider_provider": null,
    "country": 158,
    "state": 2291,
    "city": 25002,
    "district": 88026,
    "postal_code": "3",
    "neighborhood": "3",
    "address": "3",
    "external_number": "3",
    "internal_number": null,
    "tax_id": "3",
    "email": "aaaa@gmail.com",
    "phone_number": "1",
    "comments": null,
    "is_enabled": false,
    "organization": 1,
    "vehicle_provider": []
  }
},
{
  "model": "catalogs.provider",
  "pk": 2,
  "fields": {
    "name": "JUANITO",
    "category": "product_producer",
    "provider_provider": null,
    "country": 158,
    "state": 2291,
    "city": 25001,
    "district": 88180,
    "postal_code": "111",
    "neighborhood": "1",
    "address": "1",
    "external_number": "1",
    "internal_number": "1",
    "tax_id": "1",
    "email": "aaaa@gmail.com",
    "phone_number": "1",
    "comments": null,
    "is_enabled": true,
    "organization": 1,
    "vehicle_provider": []
  }
},
{
  "model": "catalogs.supply",
  "pk": 1,
  "fields": {
    "kind": 1,
    "name": "PLASTICO 20 KG",
    "minimum_stock_quantity": 12,
    "maximum_stock_quantity": 12222,
    "is_enabled": true,
    "organization": 1
  }
},
{
  "model": "packhouse_settings.orchardcertificationverifier",
  "pk": 1,
  "fields": {
    "name": "VERIFICADOR UNO 1",
    "is_enabled": true,
    "organization": 1
  }
},
{
  "model": "packhouse_settings.orchardcertificationverifier",
  "pk": 2,
  "fields": {
    "name": "VERIFICADOR DOS 1",
    "is_enabled": true,
    "organization": 2
  }
},
{
  "model": "packhouse_settings.orchardcertificationverifier",
  "pk": 3,
  "fields": {
    "name": "VERIFICADOR DOS 2",
    "is_enabled": true,
    "organization": 2
  }
},
{
  "model": "packhouse_settings.orchardcertificationverifier",
  "pk": 4,
  "fields": {
    "name": "VERIFICADOR UNO 2",
    "is_enabled": true,
    "organization": 1
  }
},
{
  "model": "packhouse_settings.supplykind",
  "pk": 1,
  "fields": {
    "name": "CAJA",
    "unit_kind": "piece",
    "is_packaging": true,
    "is_enabled": true,
    "organization": 1
  }
},
{
  "model": "packhouse_settings.supplykind",
  "pk": 2,
  "fields": {
    "name": "CHAROLA",
    "unit_kind": "piece",
    "is_packaging": false,
    "is_enabled": true,
    "organization": 1
  }
},
{
  "model": "packhouse_settings.supplykind",
  "pk": 3,
  "fields": {
    "name": "TARIMA",
    "unit_kind": "piece",
    "is_packaging": false,
    "is_enabled": true,
    "organization": 1
  }
},
{
  "model": "packhouse_settings.supplykind",
  "pk": 4,
  "fields": {
    "name": "ESQUINERO",
    "unit_kind": "piece",
    "is_packaging": false,
    "is_enabled": true,
    "organization": 1
  }
},
{
  "model": "packhouse_settings.supplykind",
  "pk": 5,
  "fields": {
    "name": "TAPA",
    "unit_kind": "piece",
    "is_packaging": false,
    "is_enabled": true,
    "organization": 1
  }
},
{
  "model": "packhouse_settings.supplykind",
  "pk": 6,
  "fields": {
    "name": "MALLA",
    "unit_kind": "cm",
    "is_packaging": true,
    "is_enabled": true,
    "organization": 1
  }
},
{
  "model": "packhouse_settings.supplykind",
  "pk": 7,
  "fields": {
    "name": "FILM",
    "unit_kind": "cm",
    "is_packaging": false,
    "is_enabled": true,
    "organization": 1
  }
},
{
  "model": "packhouse_settings.supplykind",
  "pk": 8,
  "fields": {
    "name": "FLEJE",
    "unit_kind": "m",
    "is_packaging": false,
    "is_enabled": true,
    "organization": 1
  }
}
]
