[
{
  "model": "catalogs.productseasonkind",
  "pk": 1,
  "fields": {
    "name": "NORMAL",

    "is_enabled": true,
    "product": 1,
    "order": 0
  }
},
{
  "model": "catalogs.productseasonkind",
  "pk": 2,
  "fields": {
    "name": "LOCA",

    "is_enabled": true,
    "product": 1,
    "order": 1
  }
},
{
  "model": "catalogs.productseasonkind",
  "pk": 3,
  "fields": {
    "name": "AVENTAJADA",

    "is_enabled": true,
    "product": 1,
    "order": 2
  }
},
{
  "model": "catalogs.productseasonkind",
  "pk": 4,
  "fields": {
    "name": "MARCEÑA",

    "is_enabled": true,
    "product": 1,
    "order": 3
  }
},
{
  "model": "catalogs.productseasonkind",
  "pk": 5,
  "fields": {
    "name": "NORMAL",

    "is_enabled": true,
    "product": 2,
    "order": 0
  }
},
{
  "model": "catalogs.productseasonkind",
  "pk": 6,
  "fields": {
    "name": "AVENTAJADA",

    "is_enabled": true,
    "product": 2,
    "order": 1
  }
},
{
  "model": "catalogs.productseasonkind",
  "pk": 7,
  "fields": {
    "name": "LOCA",

    "is_enabled": true,
    "product": 2,
    "order": 2
  }
},
{
  "model": "catalogs.productseasonkind",
  "pk": 8,
  "fields": {
    "name": "MARCEÑA",

    "is_enabled": true,
    "product": 2,
    "order": 3
  }
},
{
  "model": "catalogs.productmassvolumekind",
  "pk": 1,
  "fields": {
    "name": "ESTANDAR",
    "is_enabled": true,
    "product": 1,
    "order": 0
  }
},
{
  "model": "catalogs.productmassvolumekind",
  "pk": 2,
  "fields": {
    "name": "ENMALLADO",
    "is_enabled": true,
    "product": 1,
    "order": 1
  }
},
{
  "model": "catalogs.productmassvolumekind",
  "pk": 3,
  "fields": {
    "name": "ORGÁNICO",
    "is_enabled": true,
    "product": 1,
    "order": 2
  }
},
{
  "model": "catalogs.productmassvolumekind",
  "pk": 4,
  "fields": {
    "name": "ESTANDAR",
    "is_enabled": true,
    "product": 2,
    "order": 0
  }
},
{
  "model": "catalogs.productmassvolumekind",
  "pk": 5,
  "fields": {
    "name": "ENMALLADO",
    "is_enabled": true,
    "product": 2,
    "order": 1
  }
},
{
  "model": "catalogs.productmassvolumekind",
  "pk": 6,
  "fields": {
    "name": "ORGÁNICO",
    "is_enabled": true,
    "product": 2,
    "order": 2
  }
},
{
  "model": "catalogs.market",
  "pk": 1,
  "fields": {
    "name": "MEXICO UNO",
    "alias": "MX1",
    "management_cost_per_kg": 11.0,
    "is_foreign": false,
    "is_mixable": true,
    "label_language": "es",
    "address_label": null,
    "is_enabled": true,
    "organization": 1,
    "countries": [
      158
    ]
  }
},
{
  "model": "catalogs.market",
  "pk": 2,
  "fields": {
    "name": "MEXICO 2",
    "alias": "MX2",
    "management_cost_per_kg": 12.0,
    "is_foreign": false,
    "is_mixable": true,
    "label_language": "es",
    "address_label": null,
    "is_enabled": true,
    "organization": 2,
    "countries": [
      158
    ]
  }
},
{
  "model": "catalogs.market",
  "pk": 3,
  "fields": {
    "name": "COLOMBIA",
    "alias": "CO",
    "management_cost_per_kg": 12.0,
    "is_foreign": true,
    "is_mixable": true,
    "label_language": "es",
    "address_label": null,
    "is_enabled": false,
    "organization": 1,
    "countries": [
      49
    ]
  }
},
{
  "model": "catalogs.market",
  "pk": 4,
  "fields": {
    "name": "CUBA",
    "alias": "CU",
    "management_cost_per_kg": 12.0,
    "is_foreign": true,
    "is_mixable": true,
    "label_language": "es",
    "address_label": null,
    "is_enabled": true,
    "organization": 1,
    "countries": [
      51
    ]
  }
},
{
  "model": "catalogs.marketclass",
  "pk": 1,
  "fields": {
    "name": "A",
    "is_enabled": true,
    "market": 1
  }
},
{
  "model": "catalogs.marketclass",
  "pk": 2,
  "fields": {
    "name": "B",
    "is_enabled": true,
    "market": 1
  }
},
{
  "model": "catalogs.marketclass",
  "pk": 3,
  "fields": {
    "name": "C",
    "is_enabled": true,
    "market": 1
  }
},
{
  "model": "catalogs.marketclass",
  "pk": 4,
  "fields": {
    "name": "A",
    "is_enabled": true,
    "market": 2
  }
},
{
  "model": "catalogs.marketclass",
  "pk": 5,
  "fields": {
    "name": "B",
    "is_enabled": true,
    "market": 2
  }
},
{
  "model": "catalogs.marketclass",
  "pk": 6,
  "fields": {
    "name": "C",
    "is_enabled": true,
    "market": 2
  }
},
{
  "model": "catalogs.marketclass",
  "pk": 7,
  "fields": {
    "name": "A",
    "is_enabled": true,
    "market": 3
  }
},
{
  "model": "catalogs.marketclass",
  "pk": 8,
  "fields": {
    "name": "B",
    "is_enabled": true,
    "market": 3
  }
},
{
  "model": "catalogs.marketclass",
  "pk": 9,
  "fields": {
    "name": "C",
    "is_enabled": true,
    "market": 3
  }
},
{
  "model": "catalogs.marketclass",
  "pk": 10,
  "fields": {
    "name": "A",
    "is_enabled": true,
    "market": 4
  }
},
{
  "model": "catalogs.marketclass",
  "pk": 11,
  "fields": {
    "name": "B",
    "is_enabled": true,
    "market": 4
  }
},
{
  "model": "catalogs.marketclass",
  "pk": 12,
  "fields": {
    "name": "C",
    "is_enabled": false,
    "market": 4
  }
},
{
  "model": "catalogs.marketstandardproductsize",
  "pk": 1,
  "fields": {
    "name": "MX1.1",
    "code": "1",
    "is_enabled": true,
    "market": 1,
    "order": 2
  }
},
{
  "model": "catalogs.marketstandardproductsize",
  "pk": 2,
  "fields": {
    "name": "MX1.2",
    "code": "1",
    "is_enabled": true,
    "market": 1,
    "order": 3
  }
},
{
  "model": "catalogs.marketstandardproductsize",
  "pk": 3,
  "fields": {
    "name": "MX2.1",
    "code": "1",
    "is_enabled": true,
    "market": 2,
    "order": 0
  }
},
{
  "model": "catalogs.marketstandardproductsize",
  "pk": 4,
  "fields": {
    "name": "MX2.2",
    "code": "1",
    "is_enabled": true,
    "market": 2,
    "order": 0
  }
},
{
  "model": "catalogs.marketstandardproductsize",
  "pk": 5,
  "fields": {
    "name": "CO1",
    "code": "1",
    "is_enabled": true,
    "market": 3,
    "order": 2
  }
},
{
  "model": "catalogs.marketstandardproductsize",
  "pk": 6,
  "fields": {
    "name": "CO2",
    "code": "1",
    "is_enabled": true,
    "market": 3,
    "order": 3
  }
},
{
  "model": "catalogs.marketstandardproductsize",
  "pk": 7,
  "fields": {
    "name": "MX1.3",
    "code": "1",
    "is_enabled": false,
    "market": 1,
    "order": 4
  }
},
{
  "model": "catalogs.marketstandardproductsize",
  "pk": 8,
  "fields": {
    "name": "120",
    "code": "1",
    "is_enabled": true,
    "market": 3,
    "order": 0
  }
},
{
  "model": "catalogs.marketstandardproductsize",
  "pk": 9,
  "fields": {
    "name": "85",
    "code": "1",
    "is_enabled": true,
    "market": 3,
    "order": 1
  }
},
{
  "model": "catalogs.marketstandardproductsize",
  "pk": 10,
  "fields": {
    "name": "40",
    "code": "40.1",
    "is_enabled": true,
    "market": 1,
    "order": 0
  }
},
{
  "model": "catalogs.marketstandardproductsize",
  "pk": 11,
  "fields": {
    "name": "48",
    "code": "48.1",
    "is_enabled": true,
    "market": 1,
    "order": 1
  }
},
{
  "model": "catalogs.marketstandardproductsize",
  "pk": 12,
  "fields": {
    "name": "32",
    "code": "32.1",
    "is_enabled": true,
    "market": 1,
    "order": 0
  }
},
{
  "model": "catalogs.marketstandardproductsize",
  "pk": 13,
  "fields": {
    "name": "68",
    "code": "68.c",
    "is_enabled": true,
    "market": 1,
    "order": 2
  }
},
{
  "model": "catalogs.product",
  "pk": 1,
  "fields": {
    "kind": 8,
    "name": "AGUACATE",
    "description": null,
    "is_enabled": true,
    "organization": 1
  }
},
{
  "model": "catalogs.product",
  "pk": 2,
  "fields": {
    "kind": 8,
    "name": "AGUACATE DOS",
    "description": null,
    "is_enabled": true,
    "organization": 2
  }
},
{
  "model": "catalogs.product",
  "pk": 3,
  "fields": {
    "kind": 8,
    "name": "PALTA",
    "description": null,
    "is_enabled": true,
    "organization": 1
  }
},
{
  "model": "catalogs.product",
  "pk": 4,
  "fields": {
    "kind": 9,
    "name": "LIMÓN AMARILLO",
    "description": null,
    "is_enabled": true,
    "organization": 1
  }
},
{
  "model": "catalogs.product",
  "pk": 5,
  "fields": {
    "kind": 8,
    "name": "VERDE",
    "description": null,
    "is_enabled": true,
    "organization": 1
  }
},
{
  "model": "catalogs.product",
  "pk": 6,
  "fields": {
    "kind": 8,
    "name": "UNO",
    "description": null,
    "is_enabled": true,
    "organization": 1
  }
},
{
  "model": "catalogs.productvariety",
  "pk": 1,
  "fields": {
    "name": "HASS UNO",
    "alias": "HAS",
    "description": null,
    "is_enabled": true,
    "product": 1
  }
},
{
  "model": "catalogs.productvariety",
  "pk": 2,
  "fields": {
    "name": "MENDEZ UNO",
    "alias": "MEN",
    "description": null,
    "is_enabled": true,
    "product": 1
  }
},
{
  "model": "catalogs.productvariety",
  "pk": 3,
  "fields": {
    "name": "CRIOLLO UNO",
    "alias": "CR1",
    "description": null,
    "is_enabled": false,
    "product": 1
  }
},
{
  "model": "catalogs.productvariety",
  "pk": 4,
  "fields": {
    "name": "HASS DOS",
    "alias": "H2",
    "description": null,
    "is_enabled": true,
    "product": 2
  }
},
{
  "model": "catalogs.productvariety",
  "pk": 5,
  "fields": {
    "name": "MENDEZ DOS",
    "alias": "M2",
    "description": null,
    "is_enabled": true,
    "product": 2
  }
},
{
  "model": "catalogs.productvariety",
  "pk": 6,
  "fields": {
    "name": "AZUL",
    "alias": "A1",
    "description": null,
    "is_enabled": true,
    "product": 3
  }
},
{
  "model": "catalogs.productvariety",
  "pk": 7,
  "fields": {
    "name": "VERDE",
    "alias": "V1",
    "description": null,
    "is_enabled": true,
    "product": 3
  }
},
{
  "model": "catalogs.productvariety",
  "pk": 8,
  "fields": {
    "name": "A1",
    "alias": "A1",
    "description": null,
    "is_enabled": true,
    "product": 4
  }
},
{
  "model": "catalogs.productharvestsizekind",
  "pk": 1,
  "fields": {
    "product": 1,
    "name": "210 g +",
    "is_enabled": true,
    "order": 1
  }
},
{
  "model": "catalogs.productharvestsizekind",
  "pk": 2,
  "fields": {
    "product": 1,
    "name": "180 g +",
    "is_enabled": true,
    "order": 4
  }
},
{
  "model": "catalogs.productharvestsizekind",
  "pk": 4,
  "fields": {
    "product": 1,
    "name": "mdz 210 g +",
    "is_enabled": true,
    "order": 3
  }
},
{
  "model": "catalogs.productharvestsizekind",
  "pk": 5,
  "fields": {
    "product": 1,
    "name": "aaa",
    "is_enabled": true,
    "order": 2
  }
},
{
  "model": "catalogs.productharvestsizekind",
  "pk": 6,
  "fields": {
    "product": 1,
    "name": "aaa1",
    "is_enabled": true,
    "order": 6
  }
},
{
  "model": "catalogs.productharvestsizekind",
  "pk": 7,
  "fields": {
    "product": 3,
    "name": "200 g +",
    "is_enabled": true,
    "order": 1
  }
},
{
  "model": "catalogs.productharvestsizekind",
  "pk": 8,
  "fields": {
    "product": 3,
    "name": "210 g +",
    "is_enabled": true,
    "order": 2
  }
},
{
  "model": "catalogs.productharvestsizekind",
  "pk": 9,
  "fields": {
    "product": 3,
    "name": "180 g +",
    "is_enabled": true,
    "order": 0
  }
},
{
  "model": "catalogs.productharvestsizekind",
  "pk": 10,
  "fields": {
    "product": 3,
    "name": "250 g +",
    "is_enabled": true,
    "order": 0
  }
},
{
  "model": "catalogs.productharvestsizekind",
  "pk": 11,
  "fields": {
    "product": 3,
    "name": "120 g +",
    "is_enabled": true,
    "order": 0
  }
},
{
  "model": "catalogs.productharvestsizekind",
  "pk": 12,
  "fields": {
    "product": 3,
    "name": "85 g +",
    "is_enabled": true,
    "order": 0
  }
}
]
