[
{
  "model": "catalogs.market",
  "pk": 1,
  "fields": {
    "name": "MEXICO",
    "alias": "MEX",
    "management_cost_per_kg": 11.0,
    "is_mixable": true,
    "label_language": "es",
    "address_label": null,
    "is_enabled": true,
    "organization": 1,
    "countries": [
      158
    ]
  }
},
{
  "model": "catalogs.market",
  "pk": 2,
  "fields": {
    "name": "MEXICO 2",
    "alias": "MX2",
    "management_cost_per_kg": 12.0,
    "is_mixable": true,
    "label_language": "es",
    "address_label": null,
    "is_enabled": true,
    "organization": 2,
    "countries": [
      158
    ]
  }
},
{
  "model": "catalogs.market",
  "pk": 3,
  "fields": {
    "name": "ESTADOS UNIDOS",
    "alias": "USA",
    "management_cost_per_kg": 12.0,
    "is_mixable": false,
    "label_language": "en",
    "address_label": null,
    "is_enabled": true,
    "organization": 1,
    "countries": [
      234
    ]
  }
},
{
  "model": "catalogs.market",
  "pk": 4,
  "fields": {
    "name": "CANADA",
    "alias": "CAN",
    "management_cost_per_kg": 12.0,
    "is_mixable": true,
    "label_language": "en",
    "address_label": null,
    "is_enabled": true,
    "organization": 1,
    "countries": [
      38
    ]
  }
},
{
  "model": "catalogs.product",
  "pk": 1,
  "fields": {
    "kind": 8,
    "name": "AGUACATE",
    "description": null,
    "price_measure_unit_category": "Kg",
    "is_enabled": true,
    "organization": 1
  }
},
{
  "model": "catalogs.product",
  "pk": 2,
  "fields": {
    "kind": 8,
    "name": "AGUACATE DOS",
    "description": null,
    "price_measure_unit_category": "Kg",
    "is_enabled": true,
    "organization": 2
  }
},
{
  "model": "catalogs.product",
  "pk": 3,
  "fields": {
    "kind": 8,
    "name": "PALTA",
    "description": null,
    "price_measure_unit_category": "Kg",
    "is_enabled": true,
    "organization": 1
  }
},
{
  "model": "catalogs.product",
  "pk": 4,
  "fields": {
    "kind": 9,
    "name": "LIMÓN AMARILLO",
    "description": null,
    "price_measure_unit_category": "Kg",
    "is_enabled": true,
    "organization": 1
  }
},
{
  "model": "catalogs.product",
  "pk": 5,
  "fields": {
    "kind": 8,
    "name": "VERDE",
    "description": null,
    "price_measure_unit_category": "Kg",
    "is_enabled": true,
    "organization": 1
  }
},
{
  "model": "catalogs.product",
  "pk": 6,
  "fields": {
    "kind": 8,
    "name": "UNO",
    "description": null,
    "price_measure_unit_category": "Kg",
    "is_enabled": true,
    "organization": 1
  }
},
{
  "model": "catalogs.productphenologykind",
  "pk": 1,
  "fields": {
    "name": "NORMAL",
    "is_enabled": true,
    "product": 1,
    "sort_order": 0
  }
},
{
  "model": "catalogs.productphenologykind",
  "pk": 2,
  "fields": {
    "name": "LOCA",
    "is_enabled": true,
    "product": 1,
    "sort_order": 1
  }
},
{
  "model": "catalogs.productphenologykind",
  "pk": 3,
  "fields": {
    "name": "AVENTAJADA",
    "is_enabled": true,
    "product": 1,
    "sort_order": 2
  }
},
{
  "model": "catalogs.productphenologykind",
  "pk": 4,
  "fields": {
    "name": "MARCEÑA",
    "is_enabled": true,
    "product": 1,
    "sort_order": 3
  }
},
{
  "model": "catalogs.productphenologykind",
  "pk": 5,
  "fields": {
    "name": "NORMAL",
    "is_enabled": true,
    "product": 2,
    "sort_order": 0
  }
},
{
  "model": "catalogs.productphenologykind",
  "pk": 6,
  "fields": {
    "name": "DESECHO",
    "is_enabled": true,
    "product": 2,
    "sort_order": 1
  }
},
{
  "model": "catalogs.productphenologykind",
  "pk": 7,
  "fields": {
    "name": "ROÑA",
    "is_enabled": true,
    "product": 2,
    "sort_order": 2
  }
},
{
  "model": "catalogs.productphenologykind",
  "pk": 8,
  "fields": {
    "name": "MATERIA ORGÁNICA",
    "is_enabled": true,
    "product": 2,
    "sort_order": 3
  }
},
{
  "model": "catalogs.productmarketmeasureunitmanagementcost",
  "pk": 1,
  "fields": {
    "product": 1,
    "market": 1,
    "measure_unit_management_cost": "11",
    "is_enabled": true
  }
},
{
  "model": "catalogs.productmarketmeasureunitmanagementcost",
  "pk": 2,
  "fields": {
    "product": 1,
    "market": 4,
    "measure_unit_management_cost": "12",
    "is_enabled": true
  }
},
{
  "model": "catalogs.productmarketmeasureunitmanagementcost",
  "pk": 3,
  "fields": {
    "product": 1,
    "market": 3,
    "measure_unit_management_cost": "12",
    "is_enabled": true
  }
},
{
  "model": "catalogs.productmarketclass",
  "pk": 1,
  "fields": {
    "product": 1,
    "market": 3,
    "class_name": "1",
    "is_enabled": true
  }
},
{
  "model": "catalogs.productmarketclass",
  "pk": 2,
  "fields": {
    "product": 1,
    "market": 3,
    "class_name": "2",
    "is_enabled": true
  }
},
{
  "model": "catalogs.productmarketclass",
  "pk": 3,
  "fields": {
    "product": 1,
    "market": 3,
    "class_name": "3",
    "is_enabled": true
  }
},
{
  "model": "catalogs.productmarketclass",
  "pk": 4,
  "fields": {
    "product": 1,
    "market": 1,
    "class_name": "A",
    "is_enabled": true
  }
},
{
  "model": "catalogs.productmarketclass",
  "pk": 5,
  "fields": {
    "product": 1,
    "market": 1,
    "class_name": "B",
    "is_enabled": true
  }
},
{
  "model": "catalogs.productmarketclass",
  "pk": 6,
  "fields": {
    "product": 1,
    "market": 1,
    "class_name": "C",
    "is_enabled": true
  }
},
{
  "model": "catalogs.productvariety",
  "pk": 1,
  "fields": {
    "name": "HASS",
    "alias": "HAS",
    "description": null,
    "is_enabled": true,
    "product": 1
  }
},
{
  "model": "catalogs.productvariety",
  "pk": 2,
  "fields": {
    "name": "MENDEZ",
    "alias": "MEN",
    "description": null,
    "is_enabled": true,
    "product": 1
  }
},
{
  "model": "catalogs.productvariety",
  "pk": 3,
  "fields": {
    "name": "CRIOLLO",
    "alias": "CR1",
    "description": null,
    "is_enabled": false,
    "product": 1
  }
},
{
  "model": "catalogs.productvariety",
  "pk": 4,
  "fields": {
    "name": "HASS DOS",
    "alias": "H2",
    "description": null,
    "is_enabled": true,
    "product": 2
  }
},
{
  "model": "catalogs.productvariety",
  "pk": 5,
  "fields": {
    "name": "MENDEZ DOS",
    "alias": "M2",
    "description": null,
    "is_enabled": true,
    "product": 2
  }
},
{
  "model": "catalogs.productvariety",
  "pk": 6,
  "fields": {
    "name": "AZUL",
    "alias": "A1",
    "description": null,
    "is_enabled": true,
    "product": 3
  }
},
{
  "model": "catalogs.productvariety",
  "pk": 7,
  "fields": {
    "name": "VERDE",
    "alias": "V1",
    "description": null,
    "is_enabled": true,
    "product": 3
  }
},
{
  "model": "catalogs.productharvestsizekind",
  "pk": 1,
  "fields": {
    "product": 1,
    "name": "180 g+",
    "is_enabled": true,
    "sort_order": 1
  }
},
{
  "model": "catalogs.productharvestsizekind",
  "pk": 2,
  "fields": {
    "product": 1,
    "name": "270 g+",
    "is_enabled": true,
    "sort_order": 4
  }
},
{
  "model": "catalogs.productharvestsizekind",
  "pk": 4,
  "fields": {
    "product": 1,
    "name": "240 g+",
    "is_enabled": true,
    "sort_order": 3
  }
},
{
  "model": "catalogs.productharvestsizekind",
  "pk": 5,
  "fields": {
    "product": 1,
    "name": "210 g+",
    "is_enabled": true,
    "sort_order": 2
  }
},
{
  "model": "catalogs.productharvestsizekind",
  "pk": 6,
  "fields": {
    "product": 1,
    "name": "300 g+",
    "is_enabled": true,
    "sort_order": 6
  }
},
{
  "model": "catalogs.productharvestsizekind",
  "pk": 7,
  "fields": {
    "product": 3,
    "name": "200 g +",
    "is_enabled": true,
    "sort_order": 3
  }
},
{
  "model": "catalogs.productharvestsizekind",
  "pk": 8,
  "fields": {
    "product": 3,
    "name": "210 g +",
    "is_enabled": true,
    "sort_order": 4
  }
},
{
  "model": "catalogs.productharvestsizekind",
  "pk": 9,
  "fields": {
    "product": 3,
    "name": "180 g +",
    "is_enabled": true,
    "sort_order": 2
  }
},
{
  "model": "catalogs.productharvestsizekind",
  "pk": 10,
  "fields": {
    "product": 3,
    "name": "250 g +",
    "is_enabled": true,
    "sort_order": 5
  }
},
{
  "model": "catalogs.productharvestsizekind",
  "pk": 11,
  "fields": {
    "product": 3,
    "name": "120 g +",
    "is_enabled": true,
    "sort_order": 1
  }
},
{
  "model": "catalogs.productharvestsizekind",
  "pk": 12,
  "fields": {
    "product": 3,
    "name": "85 g +",
    "is_enabled": true,
    "sort_order": 0
  }
},
{
  "model": "catalogs.productmassvolumekind",
  "pk": 1,
  "fields": {
    "name": "ESTANDAR",
    "is_enabled": true,
    "packaging_supply_kind": 1,
    "product": 1,
    "sort_order": 0
  }
},
{
  "model": "catalogs.productmassvolumekind",
  "pk": 2,
  "fields": {
    "name": "ENMALLADO",
    "is_enabled": true,
    "packaging_supply_kind": 1,
    "product": 1,
    "sort_order": 1
  }
},
{
  "model": "catalogs.productmassvolumekind",
  "pk": 3,
  "fields": {
    "name": "ORGÁNICO",
    "is_enabled": true,
    "packaging_supply_kind": 1,
    "product": 1,
    "sort_order": 2
  }
},
{
  "model": "catalogs.productmassvolumekind",
  "pk": 4,
  "fields": {
    "name": "ESTANDAR",
    "is_enabled": true,
    "packaging_supply_kind": 1,
    "product": 2,
    "sort_order": 0
  }
},
{
  "model": "catalogs.productmassvolumekind",
  "pk": 5,
  "fields": {
    "name": "ENMALLADO",
    "is_enabled": true,
    "packaging_supply_kind": 1,
    "product": 2,
    "sort_order": 1
  }
},
{
  "model": "catalogs.productmassvolumekind",
  "pk": 6,
  "fields": {
    "name": "ORGÁNICO",
    "is_enabled": true,
    "packaging_supply_kind": 1,
    "product": 2,
    "sort_order": 2
  }
},
{
  "model": "catalogs.productripeness",
  "pk": 1,
  "fields": {
    "product": 1,
    "name": "NEGRA",
    "is_enabled": true
  }
},
{
  "model": "catalogs.vehicle",
  "pk": 1,
  "fields": {
    "name": "CAMIONETA NISSAN D21 BLANCA",
    "category": "packhouse",
    "kind": 1,
    "brand": 2,
    "model": "2005",
    "license_plate": "AEIOU2005",
    "serial_number": "AAAAA1234567890",
    "color": "BLANCA",
    "ownership": 1,
    "fuel": 1,
    "comments": null,
    "is_enabled": true,
    "organization": 1
  }
},
{
  "model": "catalogs.vehicle",
  "pk": 2,
  "fields": {
    "name": "CAMIONETA TOYOTA HILUX GRIS",
    "category": "packhouse",
    "kind": 1,
    "brand": 3,
    "model": "2016",
    "license_plate": "AEIOU2016",
    "serial_number": "BBBBB1234567890",
    "color": "GRIS",
    "ownership": 1,
    "fuel": 1,
    "comments": null,
    "is_enabled": true,
    "organization": 1
  }
},
{
  "model": "catalogs.vehicle",
  "pk": 3,
  "fields": {
    "name": "CAMIONETA NISSAN D21 ROJA",
    "category": "harvesting_crew",
    "kind": 1,
    "brand": 2,
    "model": "1992",
    "license_plate": "AEIOU1992",
    "serial_number": "VVVVV1234567890",
    "color": "ROJO",
    "ownership": 1,
    "fuel": 1,
    "comments": "Esta camioneta es de la cuadrilla y el ownership es PROPIO referido a la cuadrilla.",
    "is_enabled": true,
    "organization": 1
  }
},
{
  "model": "catalogs.vehicle",
  "pk": 4,
  "fields": {
    "name": "CAMIONETA FORD RANGER XLT AZUL",
    "category": "harvesting_crew",
    "kind": 1,
    "brand": 5,
    "model": "1995",
    "license_plate": "AEIOU1995",
    "serial_number": "WWWWW0123456789",
    "color": "AZUL",
    "ownership": 1,
    "fuel": 1,
    "comments": "Esta camioneta es de la cuadrilla y el ownership es PROPIO referido a la cuadrilla.",
    "is_enabled": true,
    "organization": 1
  }
},
{
  "model": "catalogs.vehicle",
  "pk": 5,
  "fields": {
    "name": "AUTOMÓVIL CHEVROLET AVEO NEGRO",
    "category": "packhouse",
    "kind": 2,
    "brand": 1,
    "model": "2020",
    "license_plate": "AEIOU2020",
    "serial_number": "CCCCC01234567890",
    "color": "NEGRO",
    "ownership": 1,
    "fuel": 1,
    "comments": "Automóvil utilizado por los agentes de ventas",
    "is_enabled": true,
    "organization": 1
  }
},
{
  "model": "catalogs.provider",
  "pk": 1,
  "fields": {
    "name": "PROVEEDOR DE INTERNET",
    "category": "service_provider",
    "provider_provider": null,
    "country": 158,
    "state": 2282,
    "city": 25743,
    "district": 87521,
    "postal_code": "58000",
    "neighborhood": "MORELIA NHB",
    "address": "MORELIA STREET",
    "external_number": "123",
    "internal_number": null,
    "tax_id": "TAX_PROVIDER_INTERNET",
    "email": "provider.internet@localhost",
    "phone_number": "443 000 0000",
    "comments": null,
    "is_enabled": true,
    "organization": 1,
    "vehicle_provider": []
  }
},
{
  "model": "catalogs.provider",
  "pk": 2,
  "fields": {
    "name": "PROVEEDOR DE FRUTA EN PERIBAN",
    "category": "product_provider",
    "provider_provider": null,
    "country": 158,
    "state": 2282,
    "city": 25758,
    "district": 87387,
    "postal_code": "60440",
    "neighborhood": "PERIBAN NHB",
    "address": "PERIBAN STREET",
    "external_number": "123",
    "internal_number": null,
    "tax_id": "TAX_PROVIDER_FRUIT_PERIBAN",
    "email": "provider.fruit.periban@localhost",
    "phone_number": "354 000 0000",
    "comments": null,
    "is_enabled": true,
    "organization": 1,
    "vehicle_provider": []
  }
},
{
  "model": "catalogs.provider",
  "pk": 3,
  "fields": {
    "name": "PROVEEDOR DE FRUTA EN TACÁMBARO",
    "category": "product_provider",
    "provider_provider": null,
    "country": 158,
    "state": 2282,
    "city": 25772,
    "district": 86917,
    "postal_code": "61650",
    "neighborhood": "TACÁMBARO NHB",
    "address": "TACÁMBARO STREET",
    "external_number": "123",
    "internal_number": null,
    "tax_id": "TAX_PROVIDER_FRUIT_TACÁMBARO",
    "email": "provider.fruit.tacambaro@localhost",
    "phone_number": "459 000 0000",
    "comments": null,
    "is_enabled": true,
    "organization": 1,
    "vehicle_provider": []
  }
},
{
  "model": "catalogs.provider",
  "pk": 4,
  "fields": {
    "name": "PROVEEDOR DE FRUTA EN URUAPAN",
    "category": "product_provider",
    "provider_provider": null,
    "country": 158,
    "state": 2282,
    "city": 25792,
    "district": 86768,
    "postal_code": "60000",
    "neighborhood": "URUAPAN NHB",
    "address": "URUAPAN STREET",
    "external_number": "123",
    "internal_number": null,
    "tax_id": "TAX_PROVIDER_FRUIT_URUAPAN",
    "email": "provider.fruit.uruapan@localhost",
    "phone_number": "452 000 0000",
    "comments": null,
    "is_enabled": true,
    "organization": 1,
    "vehicle_provider": []
  }
},
{
  "model": "catalogs.provider",
  "pk": 5,
  "fields": {
    "name": "PROVEEDOR DE ENERGÍA ELÉCTRICA",
    "category": "service_provider",
    "provider_provider": null,
    "country": 158,
    "state": 2282,
    "city": 25743,
    "district": 87521,
    "postal_code": "58000",
    "neighborhood": "MORELIA NHB",
    "address": "MORELIA STREET",
    "external_number": "123",
    "internal_number": null,
    "tax_id": "TAX_PROVIDER_ELECTRICITY",
    "email": "provider.service.electricity@localhost",
    "phone_number": "443 000 0000",
    "comments": null,
    "is_enabled": true,
    "organization": 1,
    "vehicle_provider": []
  }
},
{
  "model": "catalogs.provider",
  "pk": 6,
  "fields": {
    "name": "PROVEEDOR DEL SERVICIO DE AGUA Y DRENAJE",
    "category": "service_provider",
    "provider_provider": null,
    "country": 158,
    "state": 2282,
    "city": 25743,
    "district": 87521,
    "postal_code": "58000",
    "neighborhood": "MORELIA NHB",
    "address": "MORELIA STREET",
    "external_number": "123",
    "internal_number": null,
    "tax_id": "TAX_PROVIDER_SEWERAGE",
    "email": "provider.service.sewerage@localhost",
    "phone_number": "443 000 0000",
    "comments": null,
    "is_enabled": true,
    "organization": 1,
    "vehicle_provider": []
  }
},
{
  "model": "catalogs.provider",
  "pk": 7,
  "fields": {
    "name": "PROVEEDOR DE CAJAS HECHAS DE CARTÓN",
    "category": "supply_provider",
    "provider_provider": null,
    "country": 158,
    "state": 2282,
    "city": 25743,
    "district": 88900,
    "postal_code": "58000",
    "neighborhood": "MORELIA NHB",
    "address": "MORELIA STREET",
    "external_number": "123",
    "internal_number": null,
    "tax_id": "TAX_PROVIDER_SUPPLIES_01",
    "email": "provider.supplies.01@localhost",
    "phone_number": "443 000 0000",
    "comments": null,
    "is_enabled": true,
    "organization": 1,
    "vehicle_provider": []
  }
},
{
  "model": "catalogs.provider",
  "pk": 8,
  "fields": {
    "name": "PROVEEDOR DE TARIMAS",
    "category": "supply_provider",
    "provider_provider": null,
    "country": 158,
    "state": 2282,
    "city": 25743,
    "district": 88902,
    "postal_code": "58000",
    "neighborhood": "MORELIA NHB",
    "address": "MORELIA STREET",
    "external_number": "123",
    "internal_number": null,
    "tax_id": "TAX_PROVIDER_SUPPLIES_02",
    "email": "provider.supplies.02@localhost",
    "phone_number": "443 000 0000",
    "comments": null,
    "is_enabled": true,
    "organization": 1,
    "vehicle_provider": []
  }
},
{
  "model": "catalogs.provider",
  "pk": 9,
  "fields": {
    "name": "PROVEEDOR DE PLÁSTICOS",
    "category": "supply_provider",
    "provider_provider": null,
    "country": 158,
    "state": 2282,
    "city": 25761,
    "district": 87324,
    "postal_code": "58500",
    "neighborhood": "PURUÁNDIRO NHB",
    "address": "PURUÁNDIRO STREET",
    "external_number": "123",
    "internal_number": null,
    "tax_id": "TAX_PROVIDER_SUPPLIES_03",
    "email": "provider.supplies.03@localhost",
    "phone_number": "438 000 000",
    "comments": null,
    "is_enabled": true,
    "organization": 1,
    "vehicle_provider": []
  }
},
{
  "model": "catalogs.provider",
  "pk": 10,
  "fields": {
    "name": "PROVEEDOR DE CUADRILLAS EN URUAPAN",
    "category": "harvesting_provider",
    "provider_provider": null,
    "country": 158,
    "state": 2282,
    "city": 25792,
    "district": 86768,
    "postal_code": "60000",
    "neighborhood": "URUAPAN NHB",
    "address": "URUAPAN STREET",
    "external_number": "123",
    "internal_number": null,
    "tax_id": "TAX_PROVIDER_HARVESTING_URUAPAN",
    "email": "provider.harvesting.uruapan@localhost",
    "phone_number": "452 000 0000",
    "comments": null,
    "is_enabled": true,
    "organization": 1,
    "vehicle_provider": [
      4
    ]
  }
},
{
  "model": "catalogs.provider",
  "pk": 11,
  "fields": {
    "name": "PROVEEDOR DE CUADRILLAS EN PERIBAN",
    "category": "harvesting_provider",
    "provider_provider": null,
    "country": 158,
    "state": 2282,
    "city": 25758,
    "district": 87387,
    "postal_code": "60440",
    "neighborhood": "PERIBAN NHB",
    "address": "PERIBAN STREET",
    "external_number": "123",
    "internal_number": null,
    "tax_id": "TAX_PROVIDER_HARVESTING_PERIBAN",
    "email": "provider.harvesting.periban@localhost",
    "phone_number": "452 000 0000",
    "comments": null,
    "is_enabled": true,
    "organization": 1,
    "vehicle_provider": [
      4
    ]
  }
},
{
  "model": "catalogs.provider",
  "pk": 12,
  "fields": {
    "name": "PROVEEDOR DE CUADRILLAS EN TACÁMBARO",
    "category": "harvesting_provider",
    "provider_provider": null,
    "country": 158,
    "state": 2282,
    "city": 25772,
    "district": 86917,
    "postal_code": "61650",
    "neighborhood": "TACÁMBARO NHB",
    "address": "TACÁMBARO STREET",
    "external_number": "123",
    "internal_number": null,
    "tax_id": "TAX_PROVIDER_HARVESTING_TACAMBARO",
    "email": "provider.harvesting.tacambaro@localhost",
    "phone_number": "459 000 0000",
    "comments": null,
    "is_enabled": true,
    "organization": 1,
    "vehicle_provider": [
      4
    ]
  }
},
{
  "model": "catalogs.provider",
  "pk": 13,
  "fields": {
    "name": "PRODUCTOR DE AGUACATE EN URUAPAN",
    "category": "product_producer",
    "provider_provider": null,
    "country": 158,
    "state": 2282,
    "city": 25792,
    "district": 86768,
    "postal_code": "60000",
    "neighborhood": "URUAPAN NHB",
    "address": "URUAPAN STREET",
    "external_number": "123",
    "internal_number": null,
    "tax_id": "TAX_PRODUCER_URUAPAN",
    "email": "provider.producer.uruapan@localhost",
    "phone_number": "452 000 000",
    "comments": null,
    "is_enabled": true,
    "organization": 1,
    "vehicle_provider": []
  }
},
{
  "model": "catalogs.provider",
  "pk": 14,
  "fields": {
    "name": "PRODUCTOR DE AGUACATE EN PERIBAN",
    "category": "product_producer",
    "provider_provider": 2,
    "country": 158,
    "state": 2282,
    "city": 25758,
    "district": 87387,
    "postal_code": "60440",
    "neighborhood": "PERIBAN NHB",
    "address": "PERIBAN STREET",
    "external_number": "123",
    "internal_number": null,
    "tax_id": "TAX_PRODUCER_PERIBAN",
    "email": "provider.producer.periban@localhost",
    "phone_number": "354 000 0000",
    "comments": null,
    "is_enabled": true,
    "organization": 1,
    "vehicle_provider": []
  }
},
{
  "model": "catalogs.provider",
  "pk": 15,
  "fields": {
    "name": "PRODUCTOR DE AGUACATE EN TACÁMBARO",
    "category": "product_producer",
    "provider_provider": null,
    "country": 158,
    "state": 2282,
    "city": 25772,
    "district": 86917,
    "postal_code": "61650",
    "neighborhood": "TACÁMBARO NHB",
    "address": "TACÁMBARO STREET",
    "external_number": "123",
    "internal_number": null,
    "tax_id": "TAX_PRODUCER_TACAMBARO",
    "email": "provider.producer.tacambaro@localhost",
    "phone_number": "459 000 0000",
    "comments": null,
    "is_enabled": true,
    "organization": 1,
    "vehicle_provider": []
  }
},
{
  "model": "catalogs.provider",
  "pk": 16,
  "fields": {
    "name": "PROVEEDOR DE CUADRILLAS PROPIAS DEL EMPAQUE",
    "category": "harvesting_provider",
    "provider_provider": null,
    "country": 158,
    "state": 2282,
    "city": 25743,
    "district": 87521,
    "postal_code": "58000",
    "neighborhood": "MORELIA NHB",
    "address": "MORELIA STREET",
    "external_number": "123",
    "internal_number": null,
    "tax_id": "TAX_SELF",
    "email": "packers.self.harvesting@localhost",
    "phone_number": "443 000 0000",
    "comments": null,
    "is_enabled": true,
    "organization": 1,
    "vehicle_provider": [
      1,
      2
    ]
  }
},
{
  "model": "catalogs.crewchief",
  "pk": 1,
  "fields": {
    "name": "AARÓN SÁNCHEZ",
    "provider": 16,
    "is_enabled": true
  }
},
{
  "model": "catalogs.crewchief",
  "pk": 2,
  "fields": {
    "name": "BALDOMERO SANTOYO",
    "provider": 16,
    "is_enabled": true
  }
},
{
  "model": "catalogs.crewchief",
  "pk": 3,
  "fields": {
    "name": "CARLOS SANTANA",
    "provider": 16,
    "is_enabled": true
  }
},
{
  "model": "catalogs.crewchief",
  "pk": 4,
  "fields": {
    "name": "ÁLVARO PÉREZ",
    "provider": 11,
    "is_enabled": true
  }
},
{
  "model": "catalogs.crewchief",
  "pk": 5,
  "fields": {
    "name": "BLAS PEREIRA",
    "provider": 11,
    "is_enabled": true
  }
},
{
  "model": "catalogs.crewchief",
  "pk": 6,
  "fields": {
    "name": "CLAUDIO PEDRAZA",
    "provider": 11,
    "is_enabled": true
  }
},
{
  "model": "catalogs.crewchief",
  "pk": 7,
  "fields": {
    "name": "ARMANDO TAPIA",
    "provider": 12,
    "is_enabled": true
  }
},
{
  "model": "catalogs.crewchief",
  "pk": 8,
  "fields": {
    "name": "BRUNO TALAVERA",
    "provider": 12,
    "is_enabled": true
  }
},
{
  "model": "catalogs.crewchief",
  "pk": 9,
  "fields": {
    "name": "CRISTIAN TABOADA",
    "provider": 12,
    "is_enabled": true
  }
},
{
  "model": "catalogs.crewchief",
  "pk": 10,
  "fields": {
    "name": "AURELIO URIBE",
    "provider": 10,
    "is_enabled": true
  }
},
{
  "model": "catalogs.crewchief",
  "pk": 11,
  "fields": {
    "name": "BULMARO UGARTE",
    "provider": 10,
    "is_enabled": true
  }
},
{
  "model": "catalogs.crewchief",
  "pk": 12,
  "fields": {
    "name": "CUSTODIO ULLOA",
    "provider": 10,
    "is_enabled": true
  }
},
{
  "model": "catalogs.orchard",
  "pk": 1,
  "fields": {
    "name": "LA ALMENDRA [PERIBAN]",
    "code": "HUE0001",
    "category": "conventional",
    "producer": 14,
    "safety_authority_registration_date": "2025-02-13",
    "state": 2282,
    "city": 25758,
    "district": 87387,
    "ha": 10.0,
    "sanitary_certificate": "PER12345",
    "is_enabled": true,
    "organization": 1,
    "product": [
      1
    ]
  }
},
{
  "model": "catalogs.orchard",
  "pk": 2,
  "fields": {
    "name": "LA BONANZA [PERIBAN]",
    "code": "HUE0002",
    "category": "conventional",
    "producer": 14,
    "safety_authority_registration_date": "2025-02-13",
    "state": 2282,
    "city": 25758,
    "district": 87387,
    "ha": 10.0,
    "sanitary_certificate": "PER67890",
    "is_enabled": true,
    "organization": 1,
    "product": [
      1
    ]
  }
},
{
  "model": "catalogs.orchard",
  "pk": 3,
  "fields": {
    "name": "LA CANDELARIA [PERIBAN]",
    "code": "HUE0003",
    "category": "organic",
    "producer": 14,
    "safety_authority_registration_date": "2025-02-13",
    "state": 2282,
    "city": 25758,
    "district": 87387,
    "ha": 10.0,
    "sanitary_certificate": "PER45678",
    "is_enabled": true,
    "organization": 1,
    "product": [
      1
    ]
  }
},
{
  "model": "catalogs.orchard",
  "pk": 4,
  "fields": {
    "name": "LA DUNA [TACÁMBARO]",
    "code": "HUE0004",
    "category": "conventional",
    "producer": 15,
    "safety_authority_registration_date": "2025-02-13",
    "state": 2282,
    "city": 25772,
    "district": 86917,
    "ha": 10.0,
    "sanitary_certificate": "TAC12345",
    "is_enabled": true,
    "organization": 1,
    "product": [
      1
    ]
  }
},
{
  "model": "catalogs.orchard",
  "pk": 5,
  "fields": {
    "name": "LA ESTRELLA [TACÁMBARO]",
    "code": "HUE0005",
    "category": "conventional",
    "producer": 15,
    "safety_authority_registration_date": "2025-02-13",
    "state": 2282,
    "city": 25772,
    "district": 86917,
    "ha": 10.0,
    "sanitary_certificate": "TAC67890",
    "is_enabled": true,
    "organization": 1,
    "product": [
      1
    ]
  }
},
{
  "model": "catalogs.orchard",
  "pk": 6,
  "fields": {
    "name": "LA FINCA [TACÁMBARO]",
    "code": "HUE0006",
    "category": "organic",
    "producer": 15,
    "safety_authority_registration_date": "2025-02-13",
    "state": 2282,
    "city": 25772,
    "district": 86917,
    "ha": 10.0,
    "sanitary_certificate": "TAC45678",
    "is_enabled": true,
    "organization": 1,
    "product": [
      1
    ]
  }
},
{
  "model": "catalogs.orchard",
  "pk": 7,
  "fields": {
    "name": "LA GRANJA [URUAPAN]",
    "code": "HUE0007",
    "category": "conventional",
    "producer": 13,
    "safety_authority_registration_date": "2025-02-13",
    "state": 2282,
    "city": 25792,
    "district": 86768,
    "ha": 10.0,
    "sanitary_certificate": "URU12345",
    "is_enabled": true,
    "organization": 1,
    "product": [
      1
    ]
  }
},
{
  "model": "catalogs.orchard",
  "pk": 8,
  "fields": {
    "name": "LA HIGUERA [URUAPAN]",
    "code": "HUE0008",
    "category": "conventional",
    "producer": 13,
    "safety_authority_registration_date": "2025-02-13",
    "state": 2282,
    "city": 25792,
    "district": 86768,
    "ha": 10.0,
    "sanitary_certificate": "URU67890",
    "is_enabled": true,
    "organization": 1,
    "product": [
      1
    ]
  }
},
{
  "model": "catalogs.orchard",
  "pk": 9,
  "fields": {
    "name": "LA INMACULADA [URUAPAN]",
    "code": "HUE0009",
    "category": "organic",
    "producer": 13,
    "safety_authority_registration_date": "2025-02-13",
    "state": 2282,
    "city": 25792,
    "district": 86768,
    "ha": 10.0,
    "sanitary_certificate": "URU45678",
    "is_enabled": true,
    "organization": 1,
    "product": [
      1
    ]
  }
},
{
  "model": "catalogs.orchardcertification",
  "pk": 1,
  "fields": {
    "certification_kind": 1,
    "certification_number": "CERT123",
    "expiration_date": "2025-05-31",
    "verifier": 1,
    "extra_code": "123",
    "is_enabled": true,
    "orchard": 2
  }
},
{
  "model": "catalogs.orchardcertification",
  "pk": 2,
  "fields": {
    "certification_kind": 2,
    "certification_number": "CERT123",
    "expiration_date": "2025-04-30",
    "verifier": 4,
    "extra_code": "123",
    "is_enabled": true,
    "orchard": 2
  }
},
{
  "model": "catalogs.harvestingcrew",
  "pk": 1,
  "fields": {
    "provider": 16,
    "name": "CUADRILLA ALPHA",
    "certification_name": null,
    "crew_chief": 1,
    "persons_number": 5,
    "comments": null,
    "is_enabled": true,
    "organization": 1
  }
},
{
  "model": "catalogs.harvestingcrew",
  "pk": 2,
  "fields": {
    "provider": 16,
    "name": "CUADRILLA BETA",
    "certification_name": null,
    "crew_chief": 2,
    "persons_number": 5,
    "comments": null,
    "is_enabled": true,
    "organization": 1
  }
},
{
  "model": "catalogs.harvestingcrew",
  "pk": 3,
  "fields": {
    "provider": 16,
    "name": "CUADRILLA GAMMA",
    "certification_name": null,
    "crew_chief": 3,
    "persons_number": 5,
    "comments": null,
    "is_enabled": true,
    "organization": 1
  }
},
{
  "model": "catalogs.harvestingcrew",
  "pk": 4,
  "fields": {
    "provider": 11,
    "name": "CUADRILLA PERIBAN 1",
    "certification_name": null,
    "crew_chief": 4,
    "persons_number": 5,
    "comments": null,
    "is_enabled": true,
    "organization": 1
  }
},
{
  "model": "catalogs.harvestingcrew",
  "pk": 5,
  "fields": {
    "provider": 11,
    "name": "CUADRILLA PERIBAN 2",
    "certification_name": null,
    "crew_chief": 5,
    "persons_number": 5,
    "comments": null,
    "is_enabled": true,
    "organization": 1
  }
},
{
  "model": "catalogs.harvestingcrew",
  "pk": 6,
  "fields": {
    "provider": 11,
    "name": "CUADRILLA PERIBAN 3",
    "certification_name": null,
    "crew_chief": 6,
    "persons_number": 5,
    "comments": null,
    "is_enabled": true,
    "organization": 1
  }
},
{
  "model": "catalogs.harvestingcrew",
  "pk": 7,
  "fields": {
    "provider": 12,
    "name": "CUADRILLA TACÁMBARO 1",
    "certification_name": null,
    "crew_chief": 7,
    "persons_number": 5,
    "comments": null,
    "is_enabled": true,
    "organization": 1
  }
},
{
  "model": "catalogs.harvestingcrew",
  "pk": 8,
  "fields": {
    "provider": 12,
    "name": "CUADRILLA TACÁMBARO 2",
    "certification_name": null,
    "crew_chief": 8,
    "persons_number": 5,
    "comments": null,
    "is_enabled": true,
    "organization": 1
  }
},
{
  "model": "catalogs.harvestingcrew",
  "pk": 9,
  "fields": {
    "provider": 12,
    "name": "CUADRILLA TACÁMBARO 3",
    "certification_name": null,
    "crew_chief": 9,
    "persons_number": 5,
    "comments": null,
    "is_enabled": true,
    "organization": 1
  }
},
{
  "model": "catalogs.harvestingcrew",
  "pk": 10,
  "fields": {
    "provider": 10,
    "name": "CUADRILLA URUAPAN 1",
    "certification_name": null,
    "crew_chief": 10,
    "persons_number": 5,
    "comments": null,
    "is_enabled": true,
    "organization": 1
  }
},
{
  "model": "catalogs.harvestingcrew",
  "pk": 11,
  "fields": {
    "provider": 10,
    "name": "CUADRILLA URUAPAN 2",
    "certification_name": null,
    "crew_chief": 11,
    "persons_number": 5,
    "comments": null,
    "is_enabled": true,
    "organization": 1
  }
},
{
  "model": "catalogs.harvestingcrew",
  "pk": 12,
  "fields": {
    "provider": 10,
    "name": "CUADRILLA URUAPAN 3",
    "certification_name": null,
    "crew_chief": 12,
    "persons_number": 5,
    "comments": null,
    "is_enabled": true,
    "organization": 1
  }
},
{
  "model": "catalogs.harvestingpaymentsetting",
  "pk": 1,
  "fields": {
    "type_harvest": "local",
    "more_than_kg": 10.0,
    "pay_per_box_complete": 10.0,
    "pay_per_kg_complete": 10.0,
    "pay_per_day_complete": 10.0,
    "pay_per_box_incomplete": 10.0,
    "pay_per_kg_incomplete": 10.0,
    "pay_per_day_incomplete": 10.0,
    "type_payment_for_false_out": "fixed_amount",
    "amount_for_false_out": 1000.0,
    "harvesting_crew": 1
  }
},
{
  "model": "catalogs.harvestingpaymentsetting",
  "pk": 2,
  "fields": {
    "type_harvest": "exportacion",
    "more_than_kg": 15.0,
    "pay_per_box_complete": 15.0,
    "pay_per_kg_complete": 15.0,
    "pay_per_day_complete": 15.0,
    "pay_per_box_incomplete": 15.0,
    "pay_per_kg_incomplete": 15.0,
    "pay_per_day_incomplete": 15.0,
    "type_payment_for_false_out": "fixed_amount",
    "amount_for_false_out": 1000.0,
    "harvesting_crew": 1
  }
},
{
  "model": "catalogs.harvestingpaymentsetting",
  "pk": 3,
  "fields": {
    "type_harvest": "local",
    "more_than_kg": 10.0,
    "pay_per_box_complete": 10.0,
    "pay_per_kg_complete": 10.0,
    "pay_per_day_complete": 10.0,
    "pay_per_box_incomplete": 10.0,
    "pay_per_kg_incomplete": 10.0,
    "pay_per_day_incomplete": 10.0,
    "type_payment_for_false_out": "fixed_amount",
    "amount_for_false_out": 1000.0,
    "harvesting_crew": 2
  }
},
{
  "model": "catalogs.harvestingpaymentsetting",
  "pk": 4,
  "fields": {
    "type_harvest": "exportacion",
    "more_than_kg": 10.0,
    "pay_per_box_complete": 10.0,
    "pay_per_kg_complete": 10.0,
    "pay_per_day_complete": 10.0,
    "pay_per_box_incomplete": 10.0,
    "pay_per_kg_incomplete": 10.0,
    "pay_per_day_incomplete": 10.0,
    "type_payment_for_false_out": "fixed_amount",
    "amount_for_false_out": 1000.0,
    "harvesting_crew": 2
  }
},
{
  "model": "catalogs.harvestingpaymentsetting",
  "pk": 5,
  "fields": {
    "type_harvest": "local",
    "more_than_kg": 10.0,
    "pay_per_box_complete": 10.0,
    "pay_per_kg_complete": 10.0,
    "pay_per_day_complete": 10.0,
    "pay_per_box_incomplete": 10.0,
    "pay_per_kg_incomplete": 10.0,
    "pay_per_day_incomplete": 10.0,
    "type_payment_for_false_out": "fixed_amount",
    "amount_for_false_out": 1000.0,
    "harvesting_crew": 3
  }
},
{
  "model": "catalogs.harvestingpaymentsetting",
  "pk": 6,
  "fields": {
    "type_harvest": "exportacion",
    "more_than_kg": 15.0,
    "pay_per_box_complete": 15.0,
    "pay_per_kg_complete": 15.0,
    "pay_per_day_complete": 15.0,
    "pay_per_box_incomplete": 15.0,
    "pay_per_kg_incomplete": 15.0,
    "pay_per_day_incomplete": 15.0,
    "type_payment_for_false_out": "fixed_amount",
    "amount_for_false_out": 1000.0,
    "harvesting_crew": 3
  }
},
{
  "model": "catalogs.harvestingpaymentsetting",
  "pk": 7,
  "fields": {
    "type_harvest": "local",
    "more_than_kg": 10.0,
    "pay_per_box_complete": 10.0,
    "pay_per_kg_complete": 10.0,
    "pay_per_day_complete": 10.0,
    "pay_per_box_incomplete": 10.0,
    "pay_per_kg_incomplete": 10.0,
    "pay_per_day_incomplete": 10.0,
    "type_payment_for_false_out": "fixed_amount",
    "amount_for_false_out": 1000.0,
    "harvesting_crew": 4
  }
},
{
  "model": "catalogs.harvestingpaymentsetting",
  "pk": 8,
  "fields": {
    "type_harvest": "exportacion",
    "more_than_kg": 15.0,
    "pay_per_box_complete": 15.0,
    "pay_per_kg_complete": 15.0,
    "pay_per_day_complete": 15.0,
    "pay_per_box_incomplete": 15.0,
    "pay_per_kg_incomplete": 15.0,
    "pay_per_day_incomplete": 15.0,
    "type_payment_for_false_out": "fixed_amount",
    "amount_for_false_out": 1000.0,
    "harvesting_crew": 4
  }
},
{
  "model": "catalogs.harvestingpaymentsetting",
  "pk": 9,
  "fields": {
    "type_harvest": "local",
    "more_than_kg": 10.0,
    "pay_per_box_complete": 10.0,
    "pay_per_kg_complete": 10.0,
    "pay_per_day_complete": 10.0,
    "pay_per_box_incomplete": 10.0,
    "pay_per_kg_incomplete": 10.0,
    "pay_per_day_incomplete": 10.0,
    "type_payment_for_false_out": "fixed_amount",
    "amount_for_false_out": 1000.0,
    "harvesting_crew": 5
  }
},
{
  "model": "catalogs.harvestingpaymentsetting",
  "pk": 10,
  "fields": {
    "type_harvest": "exportacion",
    "more_than_kg": 15.0,
    "pay_per_box_complete": 15.0,
    "pay_per_kg_complete": 15.0,
    "pay_per_day_complete": 15.0,
    "pay_per_box_incomplete": 15.0,
    "pay_per_kg_incomplete": 15.0,
    "pay_per_day_incomplete": 15.0,
    "type_payment_for_false_out": "fixed_amount",
    "amount_for_false_out": 1000.0,
    "harvesting_crew": 5
  }
},
{
  "model": "catalogs.harvestingpaymentsetting",
  "pk": 11,
  "fields": {
    "type_harvest": "local",
    "more_than_kg": 10.0,
    "pay_per_box_complete": 10.0,
    "pay_per_kg_complete": 10.0,
    "pay_per_day_complete": 10.0,
    "pay_per_box_incomplete": 10.0,
    "pay_per_kg_incomplete": 10.0,
    "pay_per_day_incomplete": 10.0,
    "type_payment_for_false_out": "fixed_amount",
    "amount_for_false_out": 1000.0,
    "harvesting_crew": 6
  }
},
{
  "model": "catalogs.harvestingpaymentsetting",
  "pk": 12,
  "fields": {
    "type_harvest": "exportacion",
    "more_than_kg": 15.0,
    "pay_per_box_complete": 15.0,
    "pay_per_kg_complete": 15.0,
    "pay_per_day_complete": 15.0,
    "pay_per_box_incomplete": 15.0,
    "pay_per_kg_incomplete": 15.0,
    "pay_per_day_incomplete": 15.0,
    "type_payment_for_false_out": "fixed_amount",
    "amount_for_false_out": 1000.0,
    "harvesting_crew": 6
  }
},
{
  "model": "catalogs.harvestingpaymentsetting",
  "pk": 13,
  "fields": {
    "type_harvest": "local",
    "more_than_kg": 10.0,
    "pay_per_box_complete": 10.0,
    "pay_per_kg_complete": 10.0,
    "pay_per_day_complete": 10.0,
    "pay_per_box_incomplete": 10.0,
    "pay_per_kg_incomplete": 10.0,
    "pay_per_day_incomplete": 10.0,
    "type_payment_for_false_out": "fixed_amount",
    "amount_for_false_out": 1000.0,
    "harvesting_crew": 7
  }
},
{
  "model": "catalogs.harvestingpaymentsetting",
  "pk": 14,
  "fields": {
    "type_harvest": "exportacion",
    "more_than_kg": 15.0,
    "pay_per_box_complete": 15.0,
    "pay_per_kg_complete": 15.0,
    "pay_per_day_complete": 15.0,
    "pay_per_box_incomplete": 15.0,
    "pay_per_kg_incomplete": 15.0,
    "pay_per_day_incomplete": 15.0,
    "type_payment_for_false_out": "fixed_amount",
    "amount_for_false_out": 1000.0,
    "harvesting_crew": 7
  }
},
{
  "model": "catalogs.harvestingpaymentsetting",
  "pk": 15,
  "fields": {
    "type_harvest": "local",
    "more_than_kg": 10.0,
    "pay_per_box_complete": 10.0,
    "pay_per_kg_complete": 10.0,
    "pay_per_day_complete": 10.0,
    "pay_per_box_incomplete": 10.0,
    "pay_per_kg_incomplete": 10.0,
    "pay_per_day_incomplete": 10.0,
    "type_payment_for_false_out": "fixed_amount",
    "amount_for_false_out": 1000.0,
    "harvesting_crew": 8
  }
},
{
  "model": "catalogs.harvestingpaymentsetting",
  "pk": 16,
  "fields": {
    "type_harvest": "exportacion",
    "more_than_kg": 15.0,
    "pay_per_box_complete": 15.0,
    "pay_per_kg_complete": 15.0,
    "pay_per_day_complete": 15.0,
    "pay_per_box_incomplete": 15.0,
    "pay_per_kg_incomplete": 15.0,
    "pay_per_day_incomplete": 15.0,
    "type_payment_for_false_out": "fixed_amount",
    "amount_for_false_out": 1000.0,
    "harvesting_crew": 8
  }
},
{
  "model": "catalogs.harvestingpaymentsetting",
  "pk": 17,
  "fields": {
    "type_harvest": "local",
    "more_than_kg": 10.0,
    "pay_per_box_complete": 10.0,
    "pay_per_kg_complete": 10.0,
    "pay_per_day_complete": 10.0,
    "pay_per_box_incomplete": 10.0,
    "pay_per_kg_incomplete": 10.0,
    "pay_per_day_incomplete": 10.0,
    "type_payment_for_false_out": "fixed_amount",
    "amount_for_false_out": 1000.0,
    "harvesting_crew": 9
  }
},
{
  "model": "catalogs.harvestingpaymentsetting",
  "pk": 18,
  "fields": {
    "type_harvest": "exportacion",
    "more_than_kg": 15.0,
    "pay_per_box_complete": 15.0,
    "pay_per_kg_complete": 15.0,
    "pay_per_day_complete": 15.0,
    "pay_per_box_incomplete": 15.0,
    "pay_per_kg_incomplete": 15.0,
    "pay_per_day_incomplete": 15.0,
    "type_payment_for_false_out": "fixed_amount",
    "amount_for_false_out": 1000.0,
    "harvesting_crew": 9
  }
},
{
  "model": "catalogs.harvestingpaymentsetting",
  "pk": 19,
  "fields": {
    "type_harvest": "local",
    "more_than_kg": 10.0,
    "pay_per_box_complete": 10.0,
    "pay_per_kg_complete": 10.0,
    "pay_per_day_complete": 10.0,
    "pay_per_box_incomplete": 10.0,
    "pay_per_kg_incomplete": 10.0,
    "pay_per_day_incomplete": 10.0,
    "type_payment_for_false_out": "fixed_amount",
    "amount_for_false_out": 1000.0,
    "harvesting_crew": 10
  }
},
{
  "model": "catalogs.harvestingpaymentsetting",
  "pk": 20,
  "fields": {
    "type_harvest": "exportacion",
    "more_than_kg": 15.0,
    "pay_per_box_complete": 15.0,
    "pay_per_kg_complete": 15.0,
    "pay_per_day_complete": 15.0,
    "pay_per_box_incomplete": 15.0,
    "pay_per_kg_incomplete": 15.0,
    "pay_per_day_incomplete": 15.0,
    "type_payment_for_false_out": "fixed_amount",
    "amount_for_false_out": 1000.0,
    "harvesting_crew": 10
  }
},
{
  "model": "catalogs.harvestingpaymentsetting",
  "pk": 21,
  "fields": {
    "type_harvest": "local",
    "more_than_kg": 10.0,
    "pay_per_box_complete": 10.0,
    "pay_per_kg_complete": 10.0,
    "pay_per_day_complete": 10.0,
    "pay_per_box_incomplete": 10.0,
    "pay_per_kg_incomplete": 10.0,
    "pay_per_day_incomplete": 10.0,
    "type_payment_for_false_out": "fixed_amount",
    "amount_for_false_out": 1000.0,
    "harvesting_crew": 11
  }
},
{
  "model": "catalogs.harvestingpaymentsetting",
  "pk": 22,
  "fields": {
    "type_harvest": "exportacion",
    "more_than_kg": 15.0,
    "pay_per_box_complete": 15.0,
    "pay_per_kg_complete": 15.0,
    "pay_per_day_complete": 15.0,
    "pay_per_box_incomplete": 15.0,
    "pay_per_kg_incomplete": 15.0,
    "pay_per_day_incomplete": 15.0,
    "type_payment_for_false_out": "fixed_amount",
    "amount_for_false_out": 1000.0,
    "harvesting_crew": 11
  }
},
{
  "model": "catalogs.harvestingpaymentsetting",
  "pk": 23,
  "fields": {
    "type_harvest": "local",
    "more_than_kg": 10.0,
    "pay_per_box_complete": 10.0,
    "pay_per_kg_complete": 10.0,
    "pay_per_day_complete": 10.0,
    "pay_per_box_incomplete": 10.0,
    "pay_per_kg_incomplete": 10.0,
    "pay_per_day_incomplete": 10.0,
    "type_payment_for_false_out": "fixed_amount",
    "amount_for_false_out": 1000.0,
    "harvesting_crew": 12
  }
},
{
  "model": "catalogs.harvestingpaymentsetting",
  "pk": 24,
  "fields": {
    "type_harvest": "exportacion",
    "more_than_kg": 15.0,
    "pay_per_box_complete": 15.0,
    "pay_per_kg_complete": 15.0,
    "pay_per_day_complete": 15.0,
    "pay_per_box_incomplete": 15.0,
    "pay_per_kg_incomplete": 15.0,
    "pay_per_day_incomplete": 15.0,
    "type_payment_for_false_out": "fixed_amount",
    "amount_for_false_out": 1000.0,
    "harvesting_crew": 12
  }
},
{
  "model": "catalogs.supply",
  "pk": 1,
  "fields": {
    "kind": 1,
    "name": "CAJA CARTÓN 4 KG",
    "minimum_stock_quantity": 0,
    "maximum_stock_quantity": 1000,
    "is_enabled": true,
    "organization": 1
  }
},
{
  "model": "catalogs.supply",
  "pk": 2,
  "fields": {
    "kind": 1,
    "name": "CAJA CARTÓN 6 KG",
    "minimum_stock_quantity": 0,
    "maximum_stock_quantity": 1000,
    "is_enabled": true,
    "organization": 1
  }
},
{
  "model": "catalogs.supply",
  "pk": 3,
  "fields": {
    "kind": 1,
    "name": "CAJA CARTÓN 11.3 KG",
    "minimum_stock_quantity": 0,
    "maximum_stock_quantity": 1000,
    "is_enabled": true,
    "organization": 1
  }
},
{
  "model": "catalogs.supply",
  "pk": 4,
  "fields": {
    "kind": 1,
    "name": "CAJA MADERA 11.3 KG",
    "minimum_stock_quantity": 0,
    "maximum_stock_quantity": 100,
    "is_enabled": false,
    "organization": 1
  }
},
{
  "model": "catalogs.supply",
  "pk": 5,
  "fields": {
    "kind": 1,
    "name": "CAJA PLÁSTICO 11.3 KG",
    "minimum_stock_quantity": 0,
    "maximum_stock_quantity": 500,
    "is_enabled": true,
    "organization": 1
  }
},
{
  "model": "catalogs.supply",
  "pk": 6,
  "fields": {
    "kind": 5,
    "name": "TAPA CARTÓN",
    "minimum_stock_quantity": 0,
    "maximum_stock_quantity": 3000,
    "is_enabled": true,
    "organization": 1
  }
},
{
  "model": "catalogs.supply",
  "pk": 7,
  "fields": {
    "kind": 5,
    "name": "TAPA PLÁSTICO",
    "minimum_stock_quantity": 0,
    "maximum_stock_quantity": 500,
    "is_enabled": true,
    "organization": 1
  }
},
{
  "model": "catalogs.supply",
  "pk": 8,
  "fields": {
    "kind": 2,
    "name": "CHAROLA ESTÁNDAR 16",
    "minimum_stock_quantity": 0,
    "maximum_stock_quantity": 5000,
    "is_enabled": true,
    "organization": 1
  }
},
{
  "model": "catalogs.supply",
  "pk": 9,
  "fields": {
    "kind": 2,
    "name": "CHAROLA ESTÁNDAR 18",
    "minimum_stock_quantity": 0,
    "maximum_stock_quantity": 5000,
    "is_enabled": true,
    "organization": 1
  }
},
{
  "model": "catalogs.supply",
  "pk": 10,
  "fields": {
    "kind": 2,
    "name": "CHAROLA ESTÁNDAR 20",
    "minimum_stock_quantity": 0,
    "maximum_stock_quantity": 5000,
    "is_enabled": true,
    "organization": 1
  }
},
{
  "model": "catalogs.supply",
  "pk": 11,
  "fields": {
    "kind": 2,
    "name": "CHAROLA EURO 23",
    "minimum_stock_quantity": 0,
    "maximum_stock_quantity": 5000,
    "is_enabled": true,
    "organization": 1
  }
},
{
  "model": "catalogs.supply",
  "pk": 12,
  "fields": {
    "kind": 2,
    "name": "CHAROLA EURO 27",
    "minimum_stock_quantity": 0,
    "maximum_stock_quantity": 5000,
    "is_enabled": true,
    "organization": 1
  }
},
{
  "model": "catalogs.supply",
  "pk": 13,
  "fields": {
    "kind": 2,
    "name": "CHAROLA EURO 30",
    "minimum_stock_quantity": 0,
    "maximum_stock_quantity": 5000,
    "is_enabled": true,
    "organization": 1
  }
},
{
  "model": "catalogs.supply",
  "pk": 14,
  "fields": {
    "kind": 2,
    "name": "CHAROLA EURO 36A",
    "minimum_stock_quantity": 0,
    "maximum_stock_quantity": 5000,
    "is_enabled": true,
    "organization": 1
  }
},
{
  "model": "catalogs.supply",
  "pk": 15,
  "fields": {
    "kind": 2,
    "name": "CHAROLA EURO 36B",
    "minimum_stock_quantity": 0,
    "maximum_stock_quantity": 5000,
    "is_enabled": true,
    "organization": 1
  }
},
{
  "model": "catalogs.supply",
  "pk": 16,
  "fields": {
    "kind": 4,
    "name": "ESQUINERO PLÁSTICO (TRANSPARENTE)",
    "minimum_stock_quantity": 0,
    "maximum_stock_quantity": 4000,
    "is_enabled": true,
    "organization": 1
  }
},
{
  "model": "catalogs.supply",
  "pk": 17,
  "fields": {
    "kind": 4,
    "name": "ESQUINERO PLÁSTICO (NEGRO)",
    "minimum_stock_quantity": 0,
    "maximum_stock_quantity": 4000,
    "is_enabled": true,
    "organization": 1
  }
},
{
  "model": "catalogs.supply",
  "pk": 18,
  "fields": {
    "kind": 8,
    "name": "FLEJE (TRANSPARENTE)",
    "minimum_stock_quantity": 0,
    "maximum_stock_quantity": 2500,
    "is_enabled": true,
    "organization": 1
  }
},
{
  "model": "catalogs.supply",
  "pk": 19,
  "fields": {
    "kind": 8,
    "name": "FLEJE (NEGRO)",
    "minimum_stock_quantity": 0,
    "maximum_stock_quantity": 2500,
    "is_enabled": true,
    "organization": 1
  }
},
{
  "model": "catalogs.supply",
  "pk": 20,
  "fields": {
    "kind": 6,
    "name": "MALLA EN ROLLO (BLANCA)",
    "minimum_stock_quantity": 0,
    "maximum_stock_quantity": 15000,
    "is_enabled": true,
    "organization": 1
  }
},
{
  "model": "catalogs.supply",
  "pk": 21,
  "fields": {
    "kind": 6,
    "name": "MALLA EN ROLLO (MORADA)",
    "minimum_stock_quantity": 0,
    "maximum_stock_quantity": 15000,
    "is_enabled": true,
    "organization": 1
  }
},
{
  "model": "catalogs.supply",
  "pk": 22,
  "fields": {
    "kind": 3,
    "name": "TARIMA DE MADERA",
    "minimum_stock_quantity": 0,
    "maximum_stock_quantity": 150,
    "is_enabled": true,
    "organization": 1
  }
},
{
  "model": "catalogs.supply",
  "pk": 23,
  "fields": {
    "kind": 3,
    "name": "TARIMA DE PLÁSTICO",
    "minimum_stock_quantity": 0,
    "maximum_stock_quantity": 150,
    "is_enabled": true,
    "organization": 1
  }
},
{
  "model": "catalogs.supply",
  "pk": 24,
  "fields": {
    "kind": 2,
    "name": "CHAROLA ESTÁNDAR 24",
    "minimum_stock_quantity": 0,
    "maximum_stock_quantity": 5000,
    "is_enabled": true,
    "organization": 1
  }
},
{
  "model": "catalogs.supply",
  "pk": 25,
  "fields": {
    "kind": 2,
    "name": "CHAROLA ESTÁNDAR 30",
    "minimum_stock_quantity": 0,
    "maximum_stock_quantity": 5000,
    "is_enabled": true,
    "organization": 1
  }
},
{
  "model": "catalogs.supply",
  "pk": 26,
  "fields": {
    "kind": 2,
    "name": "CHAROLA ESTÁNDAR 35",
    "minimum_stock_quantity": 0,
    "maximum_stock_quantity": 5000,
    "is_enabled": true,
    "organization": 1
  }
},
{
  "model": "catalogs.supply",
  "pk": 27,
  "fields": {
    "kind": 2,
    "name": "CHAROLA EURO 45",
    "minimum_stock_quantity": 0,
    "maximum_stock_quantity": 5000,
    "is_enabled": true,
    "organization": 1
  }
},
{
  "model": "catalogs.supply",
  "pk": 28,
  "fields": {
    "kind": 2,
    "name": "CHAROLA EURO 49",
    "minimum_stock_quantity": 0,
    "maximum_stock_quantity": 5000,
    "is_enabled": true,
    "organization": 1
  }
},
{
  "model": "catalogs.packaging",
  "pk": 1,
  "fields": {
    "name": "CAJA CARTÓN 11.3 KG PARA 70'S",
    "main_supply_kind": 1,
    "main_supply": 3,
    "main_supply_quantity": 1,
    "max_product_amount_per_package": 1.0,
    "market": 1,
    "product": 1,
    "product_packaging_standard": 1,
    "is_enabled": true,
    "organization": 1
  }
},
{
  "model": "catalogs.packaging",
  "pk": 2,
  "fields": {
    "name": "CAJA CARTÓN 11.3 KG PARA 48'S",
    "main_supply_kind": 1,
    "main_supply": 3,
    "main_supply_quantity": 1,
    "max_product_amount_per_package": 1.0,
    "market": 1,
    "product": 1,
    "product_packaging_standard": 1,
    "is_enabled": true,
    "organization": 1
  }
},
{
  "model": "catalogs.packaging",
  "pk": 3,
  "fields": {
    "name": "MALLA SENCILLA",
    "main_supply_kind": 6,
    "main_supply": 20,
    "main_supply_quantity": 6,
    "max_product_amount_per_package": 1.0,
    "market": 1,
    "product": 1,
    "product_packaging_standard": 1,
    "is_enabled": true,
    "organization": 1
  }
},
{
  "model": "catalogs.packaging",
  "pk": 4,
  "fields": {
    "name": "CAJA CARTÓN 11.3 KG PARA 70'S (ENMALLADOS)",
    "main_supply_kind": 1,
    "main_supply": 3,
    "main_supply_quantity": 1,
    "max_product_amount_per_package": 1.0,
    "market": 1,
    "product": 1,
    "product_packaging_standard": 1,
    "is_enabled": true,
    "organization": 1
  }
},
{
  "model": "catalogs.packaging",
  "pk": 5,
  "fields": {
    "name": "CAJA CARTÓN 11.3 KG PARA 48'S (ENMALLADOS)",
    "main_supply_kind": 1,
    "main_supply": 3,
    "main_supply_quantity": 1,
    "max_product_amount_per_package": 1.0,
    "market": 1,
    "product": 1,
    "product_packaging_standard": 1,
    "is_enabled": true,
    "organization": 1
  }
},
{
  "model": "catalogs.packaging",
  "pk": 6,
  "fields": {
    "name": "PALLET 48'S + 70'S",
    "main_supply_kind": 3,
    "main_supply": 23,
    "main_supply_quantity": 3,
    "max_product_amount_per_package": 1.0,
    "market": 1,
    "product": 1,
    "product_packaging_standard": 1,
    "is_enabled": true,
    "organization": 1
  }
},
{
  "model": "catalogs.packaging",
  "pk": 7,
  "fields": {
    "name": "PALLET 48'S + 70'S (ENMALLADOS)",
    "main_supply_kind": 3,
    "main_supply": 23,
    "main_supply_quantity": 3,
    "max_product_amount_per_package": 1.0,
    "market": 1,
    "product": 1,
    "product_packaging_standard": 1,
    "is_enabled": true,
    "organization": 1
  }
},
{
  "model": "catalogs.packagingsupply",
  "pk": 1,
  "fields": {
    "packaging_kind": 1,
    "supply_kind": 5,
    "supply": 6,
    "quantity": 1
  }
},
{
  "model": "catalogs.packagingsupply",
  "pk": 3,
  "fields": {
    "packaging_kind": 2,
    "supply_kind": 2,
    "supply": 24,
    "quantity": 2
  }
},
{
  "model": "catalogs.packagingsupply",
  "pk": 4,
  "fields": {
    "packaging_kind": 1,
    "supply_kind": 2,
    "supply": 26,
    "quantity": 2
  }
},
{
  "model": "catalogs.packagingsupply",
  "pk": 5,
  "fields": {
    "packaging_kind": 2,
    "supply_kind": 5,
    "supply": 6,
    "quantity": 1
  }
},
{
  "model": "catalogs.packagingsupply",
  "pk": 6,
  "fields": {
    "packaging_kind": 4,
    "supply_kind": 2,
    "supply": 26,
    "quantity": 2
  }
},
{
  "model": "catalogs.packagingsupply",
  "pk": 7,
  "fields": {
    "packaging_kind": 4,
    "supply_kind": 5,
    "supply": 6,
    "quantity": 1
  }
},
{
  "model": "catalogs.packagingsupply",
  "pk": 8,
  "fields": {
    "packaging_kind": 5,
    "supply_kind": 2,
    "supply": 24,
    "quantity": 2
  }
},
{
  "model": "catalogs.packagingsupply",
  "pk": 9,
  "fields": {
    "packaging_kind": 5,
    "supply_kind": 5,
    "supply": 6,
    "quantity": 1
  }
},
{
  "model": "catalogs.packagingsupply",
  "pk": 10,
  "fields": {
    "packaging_kind": 6,
    "supply_kind": 4,
    "supply": 17,
    "quantity": 4
  }
},
{
  "model": "catalogs.packagingsupply",
  "pk": 11,
  "fields": {
    "packaging_kind": 6,
    "supply_kind": 8,
    "supply": 19,
    "quantity": 8
  }
},
{
  "model": "catalogs.packagingsupply",
  "pk": 12,
  "fields": {
    "packaging_kind": 7,
    "supply_kind": 4,
    "supply": 17,
    "quantity": 4
  }
},
{
  "model": "catalogs.packagingsupply",
  "pk": 13,
  "fields": {
    "packaging_kind": 7,
    "supply_kind": 8,
    "supply": 19,
    "quantity": 8
  }
},
{
  "model": "catalogs.relationpackaging",
  "pk": 1,
  "fields": {
    "outside": 4,
    "inside": 3,
    "quantity": 10
  }
},
{
  "model": "catalogs.relationpackaging",
  "pk": 2,
  "fields": {
    "outside": 5,
    "inside": 3,
    "quantity": 10
  }
},
{
  "model": "catalogs.relationpackaging",
  "pk": 3,
  "fields": {
    "outside": 6,
    "inside": 2,
    "quantity": 6
  }
},
{
  "model": "catalogs.relationpackaging",
  "pk": 4,
  "fields": {
    "outside": 6,
    "inside": 1,
    "quantity": 10
  }
},
{
  "model": "catalogs.relationpackaging",
  "pk": 5,
  "fields": {
    "outside": 7,
    "inside": 5,
    "quantity": 6
  }
},
{
  "model": "catalogs.relationpackaging",
  "pk": 6,
  "fields": {
    "outside": 7,
    "inside": 4,
    "quantity": 10
  }
}
]
