[
{
  "model": "receiving.batch",
  "pk": 1,
  "fields": {
    "uuid": "e18b7c9a-37e0-482f-bc45-b2b76452a744",
    "ooid": 1,
    "status": "open",
    "is_available_for_processing": false,
    "created_at": "2025-03-24T17:30:45.174Z",
    "organization": 1,
    "parent": null
  }
},
{
  "model": "receiving.batch",
  "pk": 2,
  "fields": {
    "uuid": "e3b50253-2afa-4e30-becf-a1c41717016d",
    "ooid": 2,
    "status": "open",
    "is_available_for_processing": false,
    "created_at": "2025-04-12T17:30:45.174Z",
    "organization": 1,
    "parent": null
  }
},
{
  "model": "receiving.batch",
  "pk": 3,
  "fields": {
    "uuid": "ceb5193c-bac3-4fe5-b8af-928dd72e1ddd",
    "ooid": 3,
    "status": "open",
    "is_available_for_processing": false,
    "created_at": "2025-04-12T17:30:45.174Z",
    "organization": 1,
    "parent": null
  }
},
{
  "model": "receiving.batchweightmovement",
  "pk": 1,
  "fields": {
    "batch": 1,
    "weight": 886.0,
    "created_at": "2025-05-24T17:26:31.721Z",
    "source": {
      "model": "WeighingSet",
      "id": 1,
      "gross_weight": 900.0,
      "container_tare": 12.0,
      "platform_tare": 2.0
    }
  }
},
{
  "model": "receiving.batchweightmovement",
  "pk": 2,
  "fields": {
    "batch": 1,
    "weight": 977.0,
    "created_at": "2025-05-24T17:26:31.723Z",
    "source": {
      "model": "WeighingSet",
      "id": 2,
      "gross_weight": 1000.0,
      "container_tare": 20.0,
      "platform_tare": 3.0
    }
  }
},
{
  "model": "receiving.batchweightmovement",
  "pk": 3,
  "fields": {
    "batch": 1,
    "weight": 801.0,
    "created_at": "2025-05-24T17:26:31.725Z",
    "source": {
      "model": "WeighingSet",
      "id": 3,
      "gross_weight": 820.0,
      "container_tare": 15.0,
      "platform_tare": 4.0
    }
  }
},
{
  "model": "receiving.batchweightmovement",
  "pk": 4,
  "fields": {
    "batch": 1,
    "weight": 740.0,
    "created_at": "2025-05-24T17:26:31.727Z",
    "source": {
      "model": "WeighingSet",
      "id": 4,
      "gross_weight": 750.0,
      "container_tare": 9.0,
      "platform_tare": 1.0
    }
  }
},
{
  "model": "receiving.batchweightmovement",
  "pk": 5,
  "fields": {
    "batch": 1,
    "weight": 1068.2,
    "created_at": "2025-05-24T17:26:31.729Z",
    "source": {
      "model": "WeighingSet",
      "id": 5,
      "gross_weight": 1100.0,
      "container_tare": 30.0,
      "platform_tare": 1.8
    }
  }
},
{
  "model": "receiving.batchweightmovement",
  "pk": 6,
  "fields": {
    "batch": 2,
    "weight": 883.0,
    "created_at": "2025-05-24T17:26:31.731Z",
    "source": {
      "model": "WeighingSet",
      "id": 6,
      "gross_weight": 900.0,
      "container_tare": 15.0,
      "platform_tare": 2.0
    }
  }
},
{
  "model": "receiving.batchweightmovement",
  "pk": 7,
  "fields": {
    "batch": 2,
    "weight": 1184.0,
    "created_at": "2025-05-24T17:26:31.732Z",
    "source": {
      "model": "WeighingSet",
      "id": 7,
      "gross_weight": 1200.0,
      "container_tare": 15.0,
      "platform_tare": 1.0
    }
  }
},
{
  "model": "receiving.batchweightmovement",
  "pk": 8,
  "fields": {
    "batch": 2,
    "weight": 1187.0,
    "created_at": "2025-05-24T17:26:31.734Z",
    "source": {
      "model": "WeighingSet",
      "id": 8,
      "gross_weight": 1200.0,
      "container_tare": 12.0,
      "platform_tare": 1.0
    }
  }
},
{
  "model": "receiving.batchweightmovement",
  "pk": 9,
  "fields": {
    "batch": 3,
    "weight": 1274.0,
    "created_at": "2025-05-24T17:26:31.736Z",
    "source": {
      "model": "WeighingSet",
      "id": 9,
      "gross_weight": 1300.0,
      "container_tare": 25.0,
      "platform_tare": 1.0
    }
  }
},
{
  "model": "receiving.incomingproduct",
  "pk": 1,
  "fields": {
    "uuid": "481ed204-4857-4e15-92f8-49c92777e3ae",
    "status": "ready",
    "public_weighing_scale": 2,
    "public_weight_result": 4500.0,
    "weighing_record_number": "WR123",
    "total_weighed_sets": 5,
    "mrl": 0.0,
    "phytosanitary_certificate": null,
    "kg_sample": 0.0,
    "is_quarantined": false,
    "created_at": "2025-03-24T17:26:31.736Z",
    "organization": 1,
    "batch": 1,
    "comments": ""
  }
},
{
  "model": "receiving.incomingproduct",
  "pk": 2,
  "fields": {
    "uuid": "11568a98-f53e-494b-8b54-2f8cbea0942a",
    "status": "ready",
    "public_weighing_scale": 2,
    "public_weight_result": 3300.0,
    "weighing_record_number": "WW123",
    "total_weighed_sets": 3,
    "mrl": 0.0,
    "phytosanitary_certificate": null,
    "kg_sample": 30.0,
    "is_quarantined": false,
    "created_at": "2025-04-12T17:26:31.736Z",
    "organization": 1,
    "batch": 2,
    "comments": ""
  }
},
{
  "model": "receiving.incomingproduct",
  "pk": 3,
  "fields": {
    "uuid": "04ecd4a4-637a-4c75-8094-7872b8aab7ad",
    "status": "ready",
    "public_weighing_scale": 3,
    "public_weight_result": 3800.0,
    "weighing_record_number": "111",
    "total_weighed_sets": 1,
    "mrl": 0.0,
    "phytosanitary_certificate": null,
    "kg_sample": 0.0,
    "is_quarantined": false,
    "created_at": "2025-04-12T17:26:31.736Z",
    "organization": 1,
    "batch": 3,
    "comments": ""
  }
},
{
  "model": "receiving.incomingproduct",
  "pk": 4,
  "fields": {
    "uuid": "e2170cb0-7392-48d9-aabd-9109338bfb9c",
    "status": "open",
    "public_weighing_scale": 2,
    "public_weight_result": 600.0,
    "weighing_record_number": "123",
    "total_weighed_sets": 0,
    "mrl": 0.0,
    "phytosanitary_certificate": null,
    "kg_sample": 10.0,
    "is_quarantined": false,
    "created_at": "2025-04-12T17:26:31.736Z",
    "organization": 1,
    "batch": null,
    "comments": ""
  }
},
{
  "model": "receiving.incomingproduct",
  "pk": 5,
  "fields": {
    "uuid": "1751a015-ba8f-4b2c-af3d-04f562c3ec5e",
    "status": "open",
    "public_weighing_scale": 3,
    "public_weight_result": 2600.0,
    "weighing_record_number": "1",
    "total_weighed_sets": 2,
    "mrl": 0.0,
    "phytosanitary_certificate": null,
    "kg_sample": 10.0,
    "is_quarantined": false,
    "created_at": "2025-04-12T17:26:31.736Z",
    "organization": 1,
    "batch": null,
    "comments": ""
  }
},
{
  "model": "receiving.weighingset",
  "pk": 1,
  "fields": {
    "ooid": 1,
    "harvesting_crew": 1,
    "gross_weight": 900.0,
    "total_containers": 40,
    "container_tare": 12.0,
    "platform_tare": 2.0,
    "net_weight": 886.0,
    "protected": true,
    "incoming_product": 1
  }
},
{
  "model": "receiving.weighingset",
  "pk": 2,
  "fields": {
    "ooid": 2,
    "harvesting_crew": 1,
    "gross_weight": 1000.0,
    "total_containers": 40,
    "container_tare": 20.0,
    "platform_tare": 3.0,
    "net_weight": 977.0,
    "protected": true,
    "incoming_product": 1
  }
},
{
  "model": "receiving.weighingset",
  "pk": 3,
  "fields": {
    "ooid": 3,
    "harvesting_crew": 1,
    "gross_weight": 820.0,
    "total_containers": 30,
    "container_tare": 15.0,
    "platform_tare": 4.0,
    "net_weight": 801.0,
    "protected": true,
    "incoming_product": 1
  }
},
{
  "model": "receiving.weighingset",
  "pk": 4,
  "fields": {
    "ooid": 4,
    "harvesting_crew": 1,
    "gross_weight": 750.0,
    "total_containers": 18,
    "container_tare": 9.0,
    "platform_tare": 1.0,
    "net_weight": 740.0,
    "protected": true,
    "incoming_product": 1
  }
},
{
  "model": "receiving.weighingset",
  "pk": 5,
  "fields": {
    "ooid": 5,
    "harvesting_crew": 1,
    "gross_weight": 1100.0,
    "total_containers": 60,
    "container_tare": 30.0,
    "platform_tare": 1.8,
    "net_weight": 1068.2,
    "protected": true,
    "incoming_product": 1
  }
},
{
  "model": "receiving.weighingset",
  "pk": 6,
  "fields": {
    "ooid": 1,
    "harvesting_crew": 5,
    "gross_weight": 900.0,
    "total_containers": 30,
    "container_tare": 15.0,
    "platform_tare": 2.0,
    "net_weight": 883.0,
    "protected": true,
    "incoming_product": 2
  }
},
{
  "model": "receiving.weighingset",
  "pk": 7,
  "fields": {
    "ooid": 2,
    "harvesting_crew": 5,
    "gross_weight": 1200.0,
    "total_containers": 30,
    "container_tare": 15.0,
    "platform_tare": 1.0,
    "net_weight": 1184.0,
    "protected": true,
    "incoming_product": 2
  }
},
{
  "model": "receiving.weighingset",
  "pk": 8,
  "fields": {
    "ooid": 3,
    "harvesting_crew": 5,
    "gross_weight": 1200.0,
    "total_containers": 40,
    "container_tare": 12.0,
    "platform_tare": 1.0,
    "net_weight": 1187.0,
    "protected": true,
    "incoming_product": 2
  }
},
{
  "model": "receiving.weighingset",
  "pk": 9,
  "fields": {
    "ooid": 1,
    "harvesting_crew": 6,
    "gross_weight": 1300.0,
    "total_containers": 50,
    "container_tare": 25.0,
    "platform_tare": 1.0,
    "net_weight": 1274.0,
    "protected": false,
    "incoming_product": 3
  }
},
{
  "model": "receiving.weighingset",
  "pk": 10,
  "fields": {
    "ooid": 1,
    "harvesting_crew": 5,
    "gross_weight": 1000.0,
    "total_containers": 20,
    "container_tare": 6.0,
    "platform_tare": 2.0,
    "net_weight": 992.0,
    "protected": true,
    "incoming_product": 5
  }
},
{
  "model": "receiving.weighingset",
  "pk": 11,
  "fields": {
    "ooid": 2,
    "harvesting_crew": 1,
    "gross_weight": 1000.0,
    "total_containers": 60,
    "container_tare": 18.0,
    "platform_tare": 2.0,
    "net_weight": 980.0,
    "protected": true,
    "incoming_product": 5
  }
},
{
  "model": "receiving.weighingset",
  "pk": 12,
  "fields": {
    "ooid": 1,
    "harvesting_crew": 6,
    "gross_weight": 880.0,
    "total_containers": 30,
    "container_tare": 9.0,
    "platform_tare": 3.0,
    "net_weight": 868.0,
    "protected": false,
    "incoming_product": 4
  }
},
{
  "model": "receiving.weighingsetcontainer",
  "pk": 1,
  "fields": {
    "harvest_container": 32,
    "quantity": 40,
    "weighing_set": 1
  }
},
{
  "model": "receiving.weighingsetcontainer",
  "pk": 2,
  "fields": {
    "harvest_container": 31,
    "quantity": 40,
    "weighing_set": 2
  }
},
{
  "model": "receiving.weighingsetcontainer",
  "pk": 3,
  "fields": {
    "harvest_container": 31,
    "quantity": 30,
    "weighing_set": 3
  }
},
{
  "model": "receiving.weighingsetcontainer",
  "pk": 4,
  "fields": {
    "harvest_container": 31,
    "quantity": 18,
    "weighing_set": 4
  }
},
{
  "model": "receiving.weighingsetcontainer",
  "pk": 5,
  "fields": {
    "harvest_container": 31,
    "quantity": 60,
    "weighing_set": 5
  }
},
{
  "model": "receiving.weighingsetcontainer",
  "pk": 6,
  "fields": {
    "harvest_container": 31,
    "quantity": 30,
    "weighing_set": 6
  }
},
{
  "model": "receiving.weighingsetcontainer",
  "pk": 7,
  "fields": {
    "harvest_container": 31,
    "quantity": 30,
    "weighing_set": 7
  }
},
{
  "model": "receiving.weighingsetcontainer",
  "pk": 8,
  "fields": {
    "harvest_container": 32,
    "quantity": 40,
    "weighing_set": 8
  }
},
{
  "model": "receiving.weighingsetcontainer",
  "pk": 9,
  "fields": {
    "harvest_container": 31,
    "quantity": 50,
    "weighing_set": 9
  }
},
{
  "model": "receiving.weighingsetcontainer",
  "pk": 10,
  "fields": {
    "harvest_container": 32,
    "quantity": 20,
    "weighing_set": 10
  }
},
{
  "model": "receiving.weighingsetcontainer",
  "pk": 11,
  "fields": {
    "harvest_container": 32,
    "quantity": 60,
    "weighing_set": 11
  }
},
{
  "model": "receiving.weighingsetcontainer",
  "pk": 12,
  "fields": {
    "harvest_container": 32,
    "quantity": 30,
    "weighing_set": 12
  }
}
]
