[
{
  "model": "gathering.scheduleharvest",
  "pk": 1,
  "fields": {
    "uuid": "eac7bba7-192c-4027-8689-33a344ee3c39",
    "ooid": 1,
    "harvest_date": "2025-03-24",
    "product_provider": 5,
    "category": "gathering",
    "gatherer": 1,
    "maquiladora": null,
    "product": 1,
    "product_variety": 1,
    "product_phenology": 1,
    "product_ripeness": null,
    "product_harvest_size_kind": 1,
    "orchard": 1,
    "market": 1,
    "weight_expected": 6450.0,
    "weighing_scale": 1,
    "meeting_point": null,
    "status": "ready",
    "comments": "",
    "created_at": "2025-03-24T17:30:45.174Z",
    "is_scheduled": true,
    "organization": 1,
    "incoming_product": 1
  }
},
{
  "model": "gathering.scheduleharvest",
  "pk": 2,
  "fields": {
    "uuid": "876df126-232c-4b3c-be75-2b4ff584bd0c",
    "ooid": 2,
    "harvest_date": "2025-04-12",
    "product_provider": 7,
    "category": "maquila",
    "gatherer": null,
    "maquiladora": 3,
    "product": 1,
    "product_variety": 1,
    "product_phenology": 3,
    "product_ripeness": null,
    "product_harvest_size_kind": 1,
    "orchard": 1,
    "market": 3,
    "weight_expected": 5000.0,
    "weighing_scale": 3,
    "meeting_point": null,
    "status": "ready",
    "comments": "",
    "created_at": "2025-04-12T15:41:50.413Z",
    "is_scheduled": true,
    "organization": 1,
    "incoming_product": 2
  }
},
{
  "model": "gathering.scheduleharvest",
  "pk": 3,
  "fields": {
    "uuid": "01c627bc-4154-4fd7-9efa-5be95b521152",
    "ooid": 3,
    "harvest_date": "2025-04-12",
    "product_provider": 7,
    "category": "maquila",
    "gatherer": null,
    "maquiladora": 2,
    "product": 1,
    "product_variety": 1,
    "product_phenology": 1,
    "product_ripeness": null,
    "product_harvest_size_kind": 5,
    "orchard": 1,
    "market": 6,
    "weight_expected": 2350.0,
    "weighing_scale": 2,
    "meeting_point": null,
    "status": "ready",
    "comments": "",
    "created_at": "2025-04-12T15:43:29.809Z",
    "is_scheduled": true,
    "organization": 1,
    "incoming_product": 3
  }
},
{
  "model": "gathering.scheduleharvest",
  "pk": 4,
  "fields": {
    "uuid": "236d08ae-7b1d-414c-b43b-01f444dd64ef",
    "ooid": 4,
    "harvest_date": "2025-04-12",
    "product_provider": 8,
    "category": "gathering",
    "gatherer": 1,
    "maquiladora": null,
    "product": 1,
    "product_variety": 2,
    "product_phenology": 3,
    "product_ripeness": null,
    "product_harvest_size_kind": 14,
    "orchard": 1,
    "market": 4,
    "weight_expected": 2600.0,
    "weighing_scale": 1,
    "meeting_point": null,
    "status": "ready",
    "comments": "",
    "created_at": "2025-04-12T15:45:52.667Z",
    "is_scheduled": true,
    "organization": 1,
    "incoming_product": 4
  }
},
{
  "model": "gathering.scheduleharvest",
  "pk": 5,
  "fields": {
    "uuid": "665c0146-a42d-4f24-ad78-5a29bfa320ec",
    "ooid": 5,
    "harvest_date": "2025-04-12",
    "product_provider": 8,
    "category": "maquila",
    "gatherer": null,
    "maquiladora": 1,
    "product": 1,
    "product_variety": 2,
    "product_phenology": 2,
    "product_ripeness": null,
    "product_harvest_size_kind": 1,
    "orchard": 2,
    "market": 1,
    "weight_expected": 4200.0,
    "weighing_scale": 2,
    "meeting_point": null,
    "status": "ready",
    "comments": "",
    "created_at": "2025-04-12T15:48:28.844Z",
    "is_scheduled": true,
    "organization": 1,
    "incoming_product": 5
  }
},
{
  "model": "gathering.scheduleharvest",
  "pk": 6,
  "fields": {
    "uuid": "d7a03dc2-28aa-419e-845a-e74fad580a85",
    "ooid": 6,
    "harvest_date": "2025-05-03",
    "product_provider": 7,
    "category": "gathering",
    "gatherer": 1,
    "maquiladora": null,
    "product": 1,
    "product_variety": 1,
    "product_phenology": 1,
    "product_ripeness": null,
    "product_harvest_size_kind": 2,
    "orchard": 1,
    "market": 4,
    "weight_expected": 6780.0,
    "weighing_scale": 2,
    "meeting_point": "En la bascula",
    "status": "ready",
    "comments": "Pasar por el camión a la bascula",
    "created_at": "2025-05-02T22:04:42.349Z",
    "is_scheduled": true,
    "organization": 1,
    "incoming_product": null
  }
},
{
  "model": "gathering.scheduleharvest",
  "pk": 7,
  "fields": {
    "uuid": "602006a7-b30c-4018-949a-306486c59161",
    "ooid": 7,
    "harvest_date": "2025-05-07",
    "product_provider": 7,
    "category": "gathering",
    "gatherer": 1,
    "maquiladora": null,
    "product": 1,
    "product_variety": 1,
    "product_phenology": 1,
    "product_ripeness": null,
    "product_harvest_size_kind": 2,
    "orchard": 1,
    "market": 3,
    "weight_expected": 7380.0,
    "weighing_scale": 1,
    "meeting_point": "En la bascula",
    "status": "ready",
    "comments": "",
    "created_at": "2025-05-06T17:11:10.348Z",
    "is_scheduled": true,
    "organization": 1,
    "incoming_product": null
  }
},
{
  "model": "gathering.scheduleharvest",
  "pk": 8,
  "fields": {
    "uuid": "48770295-1fd3-4184-bae3-3cca60591780",
    "ooid": 8,
    "harvest_date": "2025-05-08",
    "product_provider": null,
    "category": "gathering",
    "gatherer": 1,
    "maquiladora": null,
    "product": 1,
    "product_variety": 1,
    "product_phenology": 1,
    "product_ripeness": null,
    "product_harvest_size_kind": 1,
    "orchard": 2,
    "market": 4,
    "weight_expected": 3050.0,
    "weighing_scale": 2,
    "meeting_point": "En la bascula",
    "status": "open",
    "comments": "",
    "created_at": "2025-05-08T23:31:16.104Z",
    "is_scheduled": true,
    "organization": 1,
    "incoming_product": null
  }
},
{
  "model": "gathering.scheduleharvestharvestingcrew",
  "pk": 1,
  "fields": {
    "schedule_harvest": 1,
    "provider": 6,
    "harvesting_crew": 1
  }
},
{
  "model": "gathering.scheduleharvestharvestingcrew",
  "pk": 2,
  "fields": {
    "schedule_harvest": 2,
    "provider": 9,
    "harvesting_crew": 5
  }
},
{
  "model": "gathering.scheduleharvestharvestingcrew",
  "pk": 3,
  "fields": {
    "schedule_harvest": 3,
    "provider": 9,
    "harvesting_crew": 6
  }
},
{
  "model": "gathering.scheduleharvestharvestingcrew",
  "pk": 4,
  "fields": {
    "schedule_harvest": 3,
    "provider": 6,
    "harvesting_crew": 2
  }
},
{
  "model": "gathering.scheduleharvestharvestingcrew",
  "pk": 5,
  "fields": {
    "schedule_harvest": 4,
    "provider": 9,
    "harvesting_crew": 6
  }
},
{
  "model": "gathering.scheduleharvestharvestingcrew",
  "pk": 6,
  "fields": {
    "schedule_harvest": 5,
    "provider": 9,
    "harvesting_crew": 6
  }
},
{
  "model": "gathering.scheduleharvestharvestingcrew",
  "pk": 7,
  "fields": {
    "schedule_harvest": 5,
    "provider": 9,
    "harvesting_crew": 5
  }
},
{
  "model": "gathering.scheduleharvestharvestingcrew",
  "pk": 8,
  "fields": {
    "schedule_harvest": 5,
    "provider": 6,
    "harvesting_crew": 1
  }
},
{
  "model": "gathering.scheduleharvestharvestingcrew",
  "pk": 9,
  "fields": {
    "schedule_harvest": 6,
    "provider": 10,
    "harvesting_crew": 3
  }
},
{
  "model": "gathering.scheduleharvestharvestingcrew",
  "pk": 10,
  "fields": {
    "schedule_harvest": 6,
    "provider": 10,
    "harvesting_crew": 4
  }
},
{
  "model": "gathering.scheduleharvestharvestingcrew",
  "pk": 11,
  "fields": {
    "schedule_harvest": 7,
    "provider": 9,
    "harvesting_crew": 5
  }
},
{
  "model": "gathering.scheduleharvestharvestingcrew",
  "pk": 12,
  "fields": {
    "schedule_harvest": 7,
    "provider": 9,
    "harvesting_crew": 6
  }
},
{
  "model": "gathering.scheduleharvestharvestingcrew",
  "pk": 13,
  "fields": {
    "schedule_harvest": 7,
    "provider": 6,
    "harvesting_crew": 1
  }
},
{
  "model": "gathering.scheduleharvestharvestingcrew",
  "pk": 14,
  "fields": {
    "schedule_harvest": 8,
    "provider": 9,
    "harvesting_crew": 5
  }
},
{
  "model": "gathering.scheduleharvestvehicle",
  "pk": 1,
  "fields": {
    "schedule_harvest": 1,
    "provider": 6,
    "vehicle": 1,
    "guide_number": "na",
    "stamp_number": "123456",
    "has_arrived": true
  }
},
{
  "model": "gathering.scheduleharvestvehicle",
  "pk": 2,
  "fields": {
    "schedule_harvest": 2,
    "provider": 10,
    "vehicle": 4,
    "guide_number": "NA",
    "stamp_number": "123",
    "has_arrived": true
  }
},
{
  "model": "gathering.scheduleharvestvehicle",
  "pk": 3,
  "fields": {
    "schedule_harvest": 2,
    "provider": 9,
    "vehicle": 6,
    "guide_number": "NA",
    "stamp_number": "123",
    "has_arrived": true
  }
},
{
  "model": "gathering.scheduleharvestvehicle",
  "pk": 4,
  "fields": {
    "schedule_harvest": 3,
    "provider": 10,
    "vehicle": 4,
    "guide_number": "NA",
    "stamp_number": "123",
    "has_arrived": true
  }
},
{
  "model": "gathering.scheduleharvestvehicle",
  "pk": 5,
  "fields": {
    "schedule_harvest": 4,
    "provider": 9,
    "vehicle": 7,
    "guide_number": null,
    "stamp_number": "123",
    "has_arrived": false
  }
},
{
  "model": "gathering.scheduleharvestvehicle",
  "pk": 6,
  "fields": {
    "schedule_harvest": 4,
    "provider": 9,
    "vehicle": 6,
    "guide_number": null,
    "stamp_number": "123",
    "has_arrived": false
  }
},
{
  "model": "gathering.scheduleharvestvehicle",
  "pk": 7,
  "fields": {
    "schedule_harvest": 5,
    "provider": 9,
    "vehicle": 2,
    "guide_number": "NA",
    "stamp_number": "123",
    "has_arrived": true
  }
},
{
  "model": "gathering.scheduleharvestvehicle",
  "pk": 8,
  "fields": {
    "schedule_harvest": 5,
    "provider": 10,
    "vehicle": 4,
    "guide_number": "NA",
    "stamp_number": "123",
    "has_arrived": true
  }
},
{
  "model": "gathering.scheduleharvestvehicle",
  "pk": 9,
  "fields": {
    "schedule_harvest": 5,
    "provider": 6,
    "vehicle": 3,
    "guide_number": null,
    "stamp_number": "123",
    "has_arrived": false
  }
},
{
  "model": "gathering.scheduleharvestvehicle",
  "pk": 10,
  "fields": {
    "schedule_harvest": 6,
    "provider": 10,
    "vehicle": 4,
    "guide_number": null,
    "stamp_number": "123",
    "has_arrived": false
  }
},
{
  "model": "gathering.scheduleharvestvehicle",
  "pk": 11,
  "fields": {
    "schedule_harvest": 6,
    "provider": 10,
    "vehicle": 2,
    "guide_number": null,
    "stamp_number": "123",
    "has_arrived": false
  }
},
{
  "model": "gathering.scheduleharvestvehicle",
  "pk": 12,
  "fields": {
    "schedule_harvest": 6,
    "provider": 9,
    "vehicle": 6,
    "guide_number": null,
    "stamp_number": "123",
    "has_arrived": false
  }
},
{
  "model": "gathering.scheduleharvestvehicle",
  "pk": 13,
  "fields": {
    "schedule_harvest": 7,
    "provider": 10,
    "vehicle": 2,
    "guide_number": null,
    "stamp_number": "123",
    "has_arrived": false
  }
},
{
  "model": "gathering.scheduleharvestvehicle",
  "pk": 14,
  "fields": {
    "schedule_harvest": 8,
    "provider": 6,
    "vehicle": 1,
    "guide_number": null,
    "stamp_number": "123",
    "has_arrived": false
  }
},
{
  "model": "gathering.scheduleharvestcontainervehicle",
  "pk": 1,
  "fields": {
    "schedule_harvest_vehicle": 1,
    "harvest_container": 31,
    "quantity": 250,
    "full_containers": 200,
    "empty_containers": 38,
    "missing_containers": 0,
    "created_at_model": "gathering"
  }
},
{
  "model": "gathering.scheduleharvestcontainervehicle",
  "pk": 2,
  "fields": {
    "schedule_harvest_vehicle": 1,
    "harvest_container": 32,
    "quantity": 10,
    "full_containers": 10,
    "empty_containers": 0,
    "missing_containers": 0,
    "created_at_model": "incoming_product"
  }
},
{
  "model": "gathering.scheduleharvestcontainervehicle",
  "pk": 3,
  "fields": {
    "schedule_harvest_vehicle": 2,
    "harvest_container": 32,
    "quantity": 100,
    "full_containers": 90,
    "empty_containers": 10,
    "missing_containers": 0,
    "created_at_model": "incoming_product"
  }
},
{
  "model": "gathering.scheduleharvestcontainervehicle",
  "pk": 4,
  "fields": {
    "schedule_harvest_vehicle": 3,
    "harvest_container": 31,
    "quantity": 120,
    "full_containers": 100,
    "empty_containers": 10,
    "missing_containers": 10,
    "created_at_model": "gathering"
  }
},
{
  "model": "gathering.scheduleharvestcontainervehicle",
  "pk": 5,
  "fields": {
    "schedule_harvest_vehicle": 4,
    "harvest_container": 32,
    "quantity": 80,
    "full_containers": 77,
    "empty_containers": 2,
    "missing_containers": 1,
    "created_at_model": "incoming_product"
  }
},
{
  "model": "gathering.scheduleharvestcontainervehicle",
  "pk": 6,
  "fields": {
    "schedule_harvest_vehicle": 4,
    "harvest_container": 31,
    "quantity": 30,
    "full_containers": 30,
    "empty_containers": 0,
    "missing_containers": 0,
    "created_at_model": "gathering"
  }
},
{
  "model": "gathering.scheduleharvestcontainervehicle",
  "pk": 7,
  "fields": {
    "schedule_harvest_vehicle": 5,
    "harvest_container": 32,
    "quantity": 80,
    "full_containers": 0,
    "empty_containers": 0,
    "missing_containers": 80,
    "created_at_model": "incoming_product"
  }
},
{
  "model": "gathering.scheduleharvestcontainervehicle",
  "pk": 8,
  "fields": {
    "schedule_harvest_vehicle": 6,
    "harvest_container": 31,
    "quantity": 40,
    "full_containers": 0,
    "empty_containers": 0,
    "missing_containers": 40,
    "created_at_model": "gathering"
  }
},
{
  "model": "gathering.scheduleharvestcontainervehicle",
  "pk": 9,
  "fields": {
    "schedule_harvest_vehicle": 7,
    "harvest_container": 32,
    "quantity": 30,
    "full_containers": 30,
    "empty_containers": 0,
    "missing_containers": 0,
    "created_at_model": "incoming_product"
  }
},
{
  "model": "gathering.scheduleharvestcontainervehicle",
  "pk": 10,
  "fields": {
    "schedule_harvest_vehicle": 7,
    "harvest_container": 31,
    "quantity": 20,
    "full_containers": 20,
    "empty_containers": 0,
    "missing_containers": 0,
    "created_at_model": "incoming_product"
  }
},
{
  "model": "gathering.scheduleharvestcontainervehicle",
  "pk": 11,
  "fields": {
    "schedule_harvest_vehicle": 8,
    "harvest_container": 32,
    "quantity": 20,
    "full_containers": 20,
    "empty_containers": 0,
    "missing_containers": 0,
    "created_at_model": "gathering"
  }
},
{
  "model": "gathering.scheduleharvestcontainervehicle",
  "pk": 12,
  "fields": {
    "schedule_harvest_vehicle": 8,
    "harvest_container": 31,
    "quantity": 60,
    "full_containers": 60,
    "empty_containers": 0,
    "missing_containers": 0,
    "created_at_model": "incoming_product"
  }
},
{
  "model": "gathering.scheduleharvestcontainervehicle",
  "pk": 13,
  "fields": {
    "schedule_harvest_vehicle": 9,
    "harvest_container": 32,
    "quantity": 60,
    "full_containers": 0,
    "empty_containers": 0,
    "missing_containers": 60,
    "created_at_model": "gathering"
  }
},
{
  "model": "gathering.scheduleharvestcontainervehicle",
  "pk": 14,
  "fields": {
    "schedule_harvest_vehicle": 10,
    "harvest_container": 31,
    "quantity": 120,
    "full_containers": 0,
    "empty_containers": 0,
    "missing_containers": 0,
    "created_at_model": "gathering"
  }
},
{
  "model": "gathering.scheduleharvestcontainervehicle",
  "pk": 15,
  "fields": {
    "schedule_harvest_vehicle": 11,
    "harvest_container": 32,
    "quantity": 100,
    "full_containers": 0,
    "empty_containers": 0,
    "missing_containers": 0,
    "created_at_model": "gathering"
  }
},
{
  "model": "gathering.scheduleharvestcontainervehicle",
  "pk": 16,
  "fields": {
    "schedule_harvest_vehicle": 12,
    "harvest_container": 32,
    "quantity": 89,
    "full_containers": 0,
    "empty_containers": 0,
    "missing_containers": 0,
    "created_at_model": "gathering"
  }
},
{
  "model": "gathering.scheduleharvestcontainervehicle",
  "pk": 17,
  "fields": {
    "schedule_harvest_vehicle": 13,
    "harvest_container": 31,
    "quantity": 100,
    "full_containers": 0,
    "empty_containers": 0,
    "missing_containers": 0,
    "created_at_model": "gathering"
  }
},
{
  "model": "gathering.scheduleharvestcontainervehicle",
  "pk": 18,
  "fields": {
    "schedule_harvest_vehicle": 13,
    "harvest_container": 32,
    "quantity": 244,
    "full_containers": 0,
    "empty_containers": 0,
    "missing_containers": 0,
    "created_at_model": "gathering"
  }
},
{
  "model": "gathering.scheduleharvestcontainervehicle",
  "pk": 19,
  "fields": {
    "schedule_harvest_vehicle": 14,
    "harvest_container": 31,
    "quantity": 122,
    "full_containers": 0,
    "empty_containers": 0,
    "missing_containers": 0,
    "created_at_model": "gathering"
  }
}
]
